id_client,age,anciennete_mois,nb_seances_moy_mois,abonnement_premium,coaching,satisfaction
10001,31,12,5.9,1,0,3.6
10002,36,2,6.3,0,1,4.0
10003,23,6,8.4,0,0,3.4
10004,24,11,3.2,1,0,2.0
10005,41,3,3.2,0,0,2.7
10006,31,2,5.5,0,1,7.3
10007,41,5,6.0,1,1,3.4
10008,41,6,6.1,1,1,5.6
10009,30,13,2.9,1,0,2.6
10010,33,4,4.4,1,0,2.8
10011,35,11,7.9,1,0,6.0
10012,45,11,1.9,0,1,1.9
10013,29,15,4.2,1,0,1.4
10014,47,11,6.2,0,0,1.5
10015,24,9,6.0,1,0,1.3
10016,32,6,4.8,0,0,0.7
10017,32,7,5.2,1,1,3.5
10018,37,12,7.9,1,0,5.4
10019,32,12,8.4,1,0,4.1
10020,35,7,3.2,1,0,2.1
10021,30,11,3.5,0,0,0.4
10022,40,3,5.9,0,0,3.1
10023,54,1,5.5,0,1,2.2
10024,37,9,4.4,0,0,1.4
10025,28,6,6.7,0,0,3.4
10026,26,5,7.3,0,0,3.1
10027,27,6,4.0,1,0,3.2
10028,41,15,4.8,0,1,2.2
10029,45,15,0.5,0,0,1.0
10030,33,10,4.8,0,0,2.4
10031,31,11,3.0,0,0,1.4
10032,45,6,3.5,0,0,4.0
10033,30,1,3.3,0,1,2.7
10034,42,2,6.6,1,0,2.7
10035,27,12,7.4,0,1,5.8
10036,35,9,3.7,0,0,1.6
10037,31,11,7.3,1,0,5.5
10038,37,13,5.2,0,1,3.7
10039,42,5,2.5,1,0,2.1
10040,45,6,5.9,1,1,4.3
10041,24,15,4.7,1,0,1.8
10042,22,2,2.6,1,1,2.1
10043,36,14,5.9,0,0,2.5
10044,57,3,5.5,0,1,4.9
10045,19,13,4.3,0,0,1.1
10046,51,11,3.3,1,1,3.6
10047,38,8,4.4,1,0,2.1
10048,26,3,2.7,0,0,1.8
10049,33,12,6.2,1,1,3.4
10050,43,5,5.3,1,0,2.9
10051,19,11,5.2,1,0,1.9
10052,35,10,7.3,1,0,4.9
10053,36,6,2.8,1,1,3.1
10054,60,1,3.0,0,0,1.5
10055,39,2,4.5,1,0,2.8
10056,40,12,7.2,1,0,5.3
10057,42,6,2.7,0,1,1.8
10058,34,14,7.4,0,0,3.9
10059,47,14,3.9,1,0,2.3
10060,38,5,6.3,1,0,2.8
10061,31,13,4.3,0,0,2.5
10062,50,1,6.3,0,0,1.6
10063,56,5,5.2,1,0,4.2
10064,33,2,6.0,0,0,2.7
10065,40,6,6.1,0,0,2.6
10066,50,12,5.9,1,0,2.7
10067,29,7,3.9,0,0,3.2
10068,42,5,3.9,0,1,3.9
10069,51,9,1.8,0,1,3.4
10070,37,9,3.7,1,0,3.0
10071,42,3,4.9,1,1,2.2
10072,45,1,4.1,0,1,4.7
10073,39,14,7.9,0,0,3.6
10074,26,12,7.4,0,0,3.6
10075,32,6,7.1,0,1,3.8
10076,27,2,4.6,0,1,4.2
10077,48,11,8.2,1,0,4.0
10078,45,5,4.1,1,0,2.5
10079,18,14,6.4,1,0,2.7
10080,18,13,4.5,1,0,3.6
10081,45,10,6.5,1,1,5.5
10082,18,15,5.0,1,0,3.5
10083,33,3,5.5,0,0,2.8
10084,31,12,4.6,0,0,2.4
10085,37,4,5.4,0,0,4.0
10086,43,12,3.2,0,1,3.5
10087,32,2,6.7,0,0,4.2
10088,41,8,4.1,0,0,1.3
10089,33,10,6.5,0,0,3.7
10090,40,14,4.0,0,1,4.1
10091,35,14,3.6,1,0,1.8
10092,53,12,4.4,1,0,2.9
10093,34,13,5.4,0,0,1.0
10094,54,10,9.6,0,0,3.6
10095,32,6,6.5,1,1,3.9
10096,37,13,7.1,1,0,3.3
10097,40,11,3.1,1,0,1.3
10098,38,4,8.5,1,0,4.7
10099,39,15,2.7,1,0,0.6
10100,45,4,8.1,0,0,4.3
10101,55,7,2.7,0,0,0.7
10102,56,10,4.7,1,1,4.3
10103,33,8,5.8,0,1,3.8
10104,59,6,5.8,1,0,2.6
10105,46,10,4.7,0,0,1.1
10106,30,2,4.0,0,1,2.5
10107,18,14,4.6,1,1,3.3
10108,28,4,2.7,1,0,0.9
10109,29,11,4.1,1,1,2.3
10110,33,13,8.5,1,0,4.5
10111,33,13,5.4,0,1,4.9
10112,32,14,7.1,1,0,4.8
10113,44,10,2.0,1,0,0.6
10114,53,4,3.3,1,0,1.5
10115,39,15,7.4,1,0,3.6
10116,47,4,5.1,1,0,1.0
10117,29,6,6.3,0,0,3.2
10118,49,11,1.0,1,0,1.4
10119,41,12,3.6,0,1,4.6
10120,41,1,6.3,1,0,3.1
10121,35,12,1.5,1,0,0.8
10122,42,9,7.7,0,1,6.4
10123,46,1,7.0,0,0,3.8
10124,38,5,2.1,0,1,2.9
10125,46,10,3.1,0,0,0.7
10126,25,7,2.3,0,1,0.2
10127,23,1,6.4,0,0,2.9
10128,32,4,4.4,1,0,0.6
10129,43,14,8.9,1,0,6.9
10130,38,11,6.1,1,0,3.1
10131,42,14,2.5,0,0,2.4
10132,39,7,1.7,0,0,1.1
10133,39,15,1.8,0,1,1.7
10134,25,12,2.4,0,0,1.8
10135,23,6,3.2,0,0,1.9
10136,39,6,4.9,0,0,2.4
10137,46,13,4.4,0,1,4.1
10138,37,5,1.9,1,1,2.2
10139,33,7,3.0,1,0,1.1
10140,24,3,6.3,0,0,4.3
10141,40,5,3.8,1,0,3.5
10142,38,15,2.3,0,0,1.3
10143,18,8,8.0,0,1,4.0
10144,47,1,5.6,0,0,3.4
10145,39,10,3.8,1,0,2.0
10146,24,1,5.3,0,0,3.3
10147,31,14,4.4,1,0,2.4
10148,49,11,4.0,1,0,3.5
10149,36,2,7.2,1,0,1.8
10150,51,15,0.5,1,0,0.7
10151,26,10,2.8,1,0,1.9
10152,54,4,4.9,0,0,2.8
10153,43,7,6.2,0,0,4.6
10154,39,11,4.3,1,0,2.5
10155,48,13,7.0,0,0,3.0
10156,34,11,5.6,1,0,3.8
10157,28,14,8.2,0,0,4.2
10158,33,11,1.8,0,0,1.2
10159,39,14,4.9,1,0,3.3
10160,50,12,3.8,1,0,2.3
10161,42,8,4.6,0,0,2.6
10162,47,11,5.5,1,0,1.2
10163,33,7,5.9,0,0,3.8
10164,32,1,4.1,1,0,2.6
10165,40,15,3.2,0,0,1.9
10166,42,9,4.9,1,0,3.3
10167,55,11,4.6,0,0,1.4
10168,37,4,8.2,0,0,5.3
10169,34,11,3.8,1,1,4.5
10170,37,6,7.3,1,1,3.8
10171,25,15,5.3,0,0,3.6
10172,27,3,5.5,0,0,1.9
10173,42,9,5.9,1,0,3.4
10174,36,4,5.0,0,0,3.3
10175,29,2,7.3,0,0,4.2
10176,26,14,4.7,0,1,5.4
10177,48,14,6.7,1,0,2.8
10178,31,15,3.9,0,0,2.7
10179,48,15,8.2,0,0,5.2
10180,41,2,7.7,0,0,5.3
10181,41,6,5.0,0,0,3.2
10182,27,14,0.7,1,0,0.3
10183,43,12,4.7,0,0,3.0
10184,43,4,0.9,0,0,0.0
10185,50,2,6.0,0,0,3.5
10186,32,11,4.9,0,0,2.6
10187,51,9,4.8,0,0,1.1
10188,29,9,3.2,0,1,3.1
10189,32,2,6.1,0,0,4.4
10190,21,13,3.1,0,1,3.5
10191,40,7,2.3,1,0,0.4
10192,35,6,6.3,0,0,3.6
10193,31,15,0.7,0,1,1.2
10194,47,13,3.1,0,0,1.8
10195,34,3,3.5,1,1,3.3
10196,54,10,4.6,0,1,3.7
10197,50,10,3.6,0,0,1.5
10198,32,5,3.0,1,0,1.0
10199,52,14,2.4,1,0,0.7
10200,24,11,2.7,0,0,1.0
10201,36,5,4.0,0,1,5.2
10202,28,5,1.7,0,1,2.3
10203,38,13,3.5,0,1,5.4
10204,29,9,4.7,1,0,4.0
10205,53,10,7.6,1,1,5.0
10206,42,11,3.8,1,0,2.5
10207,50,3,6.1,0,0,3.3
10208,31,2,5.9,0,0,3.1
10209,50,9,10.4,0,0,5.9
10210,57,2,6.6,0,1,3.9
10211,33,11,3.3,1,0,2.1
10212,48,3,2.2,1,0,0.4
10213,27,14,6.5,1,1,3.9
10214,35,9,0.5,0,0,2.0
10215,46,8,9.0,0,1,7.7
10216,24,7,5.7,1,1,5.9
10217,35,2,6.1,0,0,3.7
10218,53,7,6.1,0,0,2.0
10219,40,1,5.9,1,1,3.2
10220,41,5,5.2,1,0,4.4
10221,38,2,4.0,0,0,3.0
10222,36,12,5.1,0,0,1.7
10223,31,1,3.7,0,1,5.0
10224,18,7,4.7,0,0,1.6
10225,51,12,1.4,0,0,0.0
10226,56,14,3.8,0,0,2.5
10227,35,7,6.7,0,0,3.5
10228,45,1,1.9,0,0,1.7
10229,43,11,3.2,0,1,3.1
10230,39,12,2.7,0,0,0.4
10231,37,11,5.4,1,0,2.7
10232,18,7,1.5,0,0,0.7
10233,43,3,3.6,1,0,1.7
10234,40,3,2.4,0,0,1.6
10235,42,3,3.5,0,1,2.8
10236,52,2,4.2,1,0,1.6
10237,40,2,7.2,0,0,4.0
10238,42,13,3.4,1,0,0.0
10239,35,3,4.3,0,0,2.7
10240,35,15,6.4,1,1,4.4
10241,33,13,7.1,1,0,4.7
10242,29,5,6.5,0,0,4.1
10243,29,12,4.2,0,0,0.3
10244,28,1,1.9,0,0,0.8
10245,30,7,2.6,1,0,0.4
10246,32,3,6.4,0,0,3.0
10247,36,2,5.5,0,0,3.9
10248,31,4,3.6,0,0,2.4
10249,37,14,8.7,0,0,2.0
10250,52,7,5.1,1,0,3.6
10251,31,14,6.2,0,1,4.7
10252,41,14,7.1,0,0,2.4
10253,23,7,5.4,0,0,3.7
10254,35,6,2.8,0,0,1.3
10255,35,10,3.1,0,0,2.2
10256,34,13,3.8,0,1,2.8
10257,41,1,3.5,0,0,0.8
10258,51,13,3.6,1,1,3.9
10259,30,15,6.8,0,0,4.5
10260,30,5,8.8,0,0,5.4
10261,45,1,5.7,0,0,1.8
10262,31,11,2.7,1,0,1.6
10263,24,5,3.8,1,0,2.5
10264,45,11,1.6,0,0,0.0
10265,22,15,3.9,1,0,4.2
10266,25,4,3.0,1,0,3.0
10267,47,3,4.3,0,0,2.6
10268,30,12,6.8,1,0,3.8
10269,22,14,4.6,1,1,4.1
10270,33,15,5.3,1,0,1.6
10271,51,1,6.3,0,1,4.1
10272,55,15,2.1,1,0,3.1
10273,51,5,4.6,1,1,4.9
10274,57,5,3.3,1,0,3.6
10275,36,7,3.9,1,0,2.5
10276,45,5,5.8,0,1,5.1
10277,39,12,5.6,0,0,1.8
10278,42,8,3.0,0,0,1.1
10279,33,15,7.1,0,1,5.8
10280,47,1,5.8,0,0,3.3
10281,35,14,0.8,0,1,1.5
10282,47,15,3.6,1,0,0.4
10283,33,13,7.8,1,1,6.5
10284,54,15,6.9,0,1,2.8
10285,22,1,4.4,1,0,2.9
10286,45,8,3.9,0,1,5.3
10287,39,5,4.1,0,0,2.3
10288,52,7,3.1,0,1,2.8
10289,40,6,4.9,0,0,4.0
10290,24,10,6.2,1,0,4.9
10291,26,1,8.0,0,0,3.9
10292,38,12,6.1,0,0,3.9
10293,39,6,6.8,0,0,2.4
10294,26,6,3.8,1,0,1.5
10295,41,13,5.0,0,0,3.8
10296,46,1,5.3,0,1,2.7
10297,42,14,2.2,0,1,2.8
10298,51,10,6.8,0,0,0.0
10299,36,14,5.7,1,0,2.9
10300,35,5,2.9,0,0,0.6
10301,32,6,4.3,0,0,3.6
10302,47,9,1.9,1,0,0.1
10303,34,2,4.3,0,0,2.4
10304,52,11,5.0,1,1,3.8
10305,18,12,1.7,0,0,3.1
10306,36,4,2.1,0,1,2.6
10307,29,5,5.3,1,0,0.4
10308,33,5,4.7,0,0,2.3
10309,52,1,5.9,1,0,3.6
10310,55,13,3.9,0,1,3.2
10311,48,13,5.3,1,1,3.6
10312,37,5,2.3,0,0,0.7
10313,30,10,8.2,1,1,5.5
10314,39,7,6.2,0,1,6.0
10315,43,9,5.4,0,0,2.5
10316,23,12,3.4,0,0,2.6
10317,31,6,6.0,0,0,1.4
10318,59,13,5.4,0,0,3.6
10319,33,4,7.5,1,0,3.3
10320,43,7,2.0,0,0,2.0
10321,24,3,6.1,0,0,3.5
10322,30,12,6.0,0,0,1.3
10323,41,12,2.9,0,1,1.8
10324,34,3,2.5,0,0,1.8
10325,46,7,5.8,1,0,1.8
10326,49,2,7.7,0,1,6.3
10327,48,3,4.5,1,1,3.3
10328,44,5,4.0,1,0,1.6
10329,40,8,2.7,0,1,3.0
10330,48,14,8.1,1,0,5.2
10331,40,15,5.3,1,0,1.0
10332,18,6,5.1,1,0,5.2
10333,40,8,4.4,0,0,2.7
10334,52,11,5.9,1,0,5.0
10335,26,14,5.7,1,1,5.2
10336,35,5,3.7,1,0,2.1
10337,28,7,4.8,0,1,3.2
10338,58,9,4.4,0,0,3.1
10339,35,7,6.1,0,0,4.0
10340,44,13,5.9,0,0,2.5
10341,31,12,4.6,0,0,1.4
10342,29,14,1.9,1,1,2.7
10343,22,11,2.4,1,0,0.8
10344,36,2,8.0,1,1,5.5
10345,45,1,5.5,0,0,3.0
10346,51,8,7.2,0,0,3.3
10347,18,1,7.1,1,1,4.8
10348,48,1,4.0,0,0,1.8
10349,46,1,2.8,0,1,4.3
10350,48,4,9.1,0,0,5.0
10351,18,14,5.1,1,1,3.8
10352,29,3,5.6,0,0,2.8
10353,39,2,4.8,0,0,1.3
10354,56,10,6.9,0,0,3.2
10355,33,15,6.5,0,0,2.9
10356,23,10,3.5,0,1,3.1
10357,38,3,5.2,1,0,3.4
10358,39,6,1.7,1,0,0.0
10359,48,3,8.2,1,0,3.6
10360,25,15,6.3,0,1,6.1
10361,22,14,5.6,0,0,2.2
10362,30,2,4.7,0,0,2.8
10363,40,13,4.1,0,0,1.6
10364,40,5,6.5,1,1,4.8
10365,39,5,4.7,1,0,3.3
10366,56,1,4.9,1,0,2.7
10367,40,2,4.9,0,0,1.7
10368,26,14,6.1,0,0,0.8
10369,42,9,5.3,0,1,2.3
10370,18,10,4.6,0,0,2.1
10371,46,4,4.5,0,1,4.9
10372,43,12,5.0,0,1,4.6
10373,20,5,5.5,1,0,3.2
10374,47,14,5.5,1,0,2.3
10375,27,12,6.1,0,0,2.3
10376,44,9,1.8,0,1,2.7
10377,36,8,5.5,1,0,3.1
10378,39,5,6.9,0,0,5.0
10379,36,12,4.4,0,0,1.6
10380,45,2,4.2,0,1,3.2
10381,18,14,1.7,1,0,1.4
10382,24,6,6.2,0,1,3.1
10383,57,4,3.9,0,0,2.8
10384,49,14,1.9,0,0,1.2
10385,31,14,2.0,0,0,0.6
10386,42,13,4.3,0,0,1.8
10387,18,4,3.8,0,0,1.6
10388,51,12,7.9,0,0,5.1
10389,34,8,7.1,1,1,4.0
10390,45,8,3.6,0,1,3.0
10391,39,10,5.0,1,0,3.3
10392,29,10,7.6,0,1,5.1
10393,24,14,2.5,1,0,1.5
10394,51,4,4.5,1,0,1.8
10395,47,9,6.6,0,0,2.7
10396,38,4,6.6,0,0,3.6
10397,42,1,3.1,1,1,5.4
10398,32,14,6.6,1,0,4.4
10399,44,6,1.6,0,0,2.0
10400,27,15,6.9,0,0,3.1
10401,36,8,7.2,0,0,3.2
10402,39,8,5.9,1,0,3.1
10403,49,15,7.0,0,0,3.9
10404,42,8,5.1,1,0,3.2
10405,35,14,3.9,0,0,2.3
10406,42,4,6.9,0,1,5.6
10407,32,13,8.5,0,1,5.1
10408,24,4,3.9,0,0,2.4
10409,47,15,6.2,1,0,3.6
10410,40,15,1.0,1,0,0.0
10411,42,6,5.8,0,0,2.9
10412,26,7,1.9,0,0,0.0
10413,26,9,6.2,0,0,3.5
10414,32,2,7.9,0,1,6.7
10415,43,7,6.4,1,1,5.4
10416,56,1,6.5,1,0,3.3
10417,45,4,4.5,1,0,3.4
10418,20,6,4.8,0,1,3.3
10419,52,2,6.7,1,1,6.7
10420,25,8,3.7,0,0,0.1
10421,45,4,6.0,0,1,3.8
10422,38,11,5.1,1,0,2.6
10423,24,12,6.3,0,1,5.1
10424,54,11,4.6,0,0,2.8
10425,50,14,7.2,0,0,3.2
10426,48,9,4.7,1,1,4.7
10427,32,9,6.3,1,0,2.2
10428,49,4,3.6,1,0,2.1
10429,21,10,3.7,1,0,1.3
10430,31,15,3.6,1,0,2.7
10431,29,9,5.5,1,0,0.6
10432,21,3,6.3,1,0,4.0
10433,30,8,6.0,0,0,3.0
10434,27,2,6.7,0,0,4.3
10435,31,7,1.6,1,0,1.0
10436,42,4,5.6,0,0,5.2
10437,18,8,2.1,1,0,2.0
10438,24,3,4.4,1,0,4.0
10439,20,12,5.5,0,1,4.0
10440,35,15,6.6,0,1,5.3
10441,31,2,5.2,0,0,1.9
10442,34,13,7.2,1,0,2.6
10443,44,10,5.3,1,0,1.5
10444,27,14,6.8,0,1,5.7
10445,37,10,4.9,0,0,3.0
10446,32,9,3.2,0,1,4.0
10447,47,1,3.8,1,0,2.1
10448,40,10,7.9,1,1,4.4
10449,42,8,0.5,1,1,3.4
10450,41,4,2.8,0,1,2.7
10451,21,11,3.4,0,0,2.8
10452,50,6,5.4,0,0,3.9
10453,27,3,3.9,1,0,2.6
10454,44,14,6.8,1,0,3.9
10455,45,11,2.1,0,1,3.0
10456,22,6,3.6,1,0,3.4
10457,30,7,1.9,0,0,0.7
10458,18,9,4.5,0,0,3.2
10459,42,7,3.9,1,0,2.4
10460,58,12,4.4,1,0,3.4
10461,39,11,6.8,1,0,4.1
10462,39,9,4.7,0,0,3.4
10463,47,1,3.0,1,1,3.4
10464,40,6,8.9,1,0,2.8
10465,34,13,4.6,1,0,2.2
10466,45,1,6.5,0,0,1.5
10467,31,5,5.1,1,1,2.8
10468,42,6,7.0,1,0,4.1
10469,36,13,5.8,0,0,4.4
10470,26,8,6.3,1,0,3.4
10471,35,14,6.5,0,0,3.1
10472,25,4,5.6,1,0,3.5
10473,35,15,4.5,0,0,2.0
10474,21,1,4.4,0,0,1.3
10475,45,11,4.9,1,0,3.3
10476,38,3,5.8,0,0,2.1
10477,30,12,4.3,0,0,2.3
10478,25,9,4.4,1,0,2.5
10479,35,11,4.7,1,0,3.7
10480,35,12,4.3,1,0,1.3
10481,36,6,3.8,0,1,2.8
10482,40,1,5.3,0,0,4.5
10483,36,13,5.3,1,1,4.2
10484,49,15,4.7,0,0,0.6
10485,22,8,5.0,1,1,3.4
10486,45,5,1.5,0,0,2.5
10487,35,12,5.4,1,0,3.3
10488,36,10,3.5,0,0,2.7
10489,28,5,9.7,0,0,6.2
10490,58,6,4.7,0,0,3.5
10491,54,6,2.5,1,0,1.1
10492,46,2,2.6,0,0,2.0
10493,21,1,2.9,0,0,0.7
10494,41,2,8.1,0,1,5.5
10495,33,1,5.9,0,0,2.0
10496,40,11,7.3,0,0,2.7
10497,29,9,1.8,0,0,1.0
10498,49,1,6.1,1,0,3.1
10499,45,9,6.7,1,0,1.8
10500,29,13,2.4,0,0,1.0
10501,49,15,10.4,0,0,5.6
10502,27,4,4.0,0,0,3.1
10503,56,15,3.8,0,1,2.2
10504,43,3,8.8,0,0,5.3
10505,39,12,6.3,0,0,4.3
10506,29,9,1.5,0,0,1.3
10507,37,6,4.8,0,1,5.4
10508,50,7,5.0,1,0,3.4
10509,34,13,8.1,0,1,5.8
10510,37,2,5.0,0,0,2.5
10511,32,3,4.1,0,0,1.2
10512,41,13,5.2,0,0,3.5
10513,24,15,5.3,0,1,2.4
10514,49,12,1.8,1,0,0.5
10515,31,5,4.4,1,0,0.0
10516,38,3,3.4,0,0,1.1
10517,43,3,5.2,1,0,1.8
10518,52,9,3.9,1,0,3.5
10519,44,12,7.0,1,0,4.5
10520,25,1,4.4,1,1,2.6
10521,49,1,2.4,0,0,1.5
10522,18,13,4.9,1,0,3.2
10523,34,6,5.7,0,0,3.9
10524,36,2,1.7,0,0,2.1
10525,26,7,4.5,1,0,2.3
10526,22,1,11.1,0,0,7.1
10527,46,5,3.0,1,0,1.0
10528,29,13,6.1,0,0,2.5
10529,29,15,6.7,0,1,4.0
10530,36,8,4.9,1,0,3.1
10531,31,13,4.6,1,0,3.2
10532,36,9,6.0,0,1,4.0
10533,53,3,2.0,0,0,0.4
10534,34,2,1.8,0,0,0.9
10535,35,12,5.0,0,0,0.9
10536,51,15,5.6,0,0,3.5
10537,37,7,4.3,0,0,1.4
10538,45,3,7.5,1,1,4.8
10539,38,3,5.3,1,0,2.8
10540,29,2,8.5,0,1,4.4
10541,22,11,4.0,0,1,2.5
10542,37,7,5.5,0,0,0.0
10543,41,9,4.7,1,0,3.0
10544,47,12,4.7,1,0,1.1
10545,35,13,5.5,0,0,3.2
10546,46,14,6.3,0,0,3.5
10547,32,2,3.4,0,0,1.9
10548,28,2,5.0,0,0,2.3
10549,36,13,2.4,0,0,0.4
10550,42,2,5.4,0,0,1.7
10551,43,4,3.9,0,0,2.0
10552,50,1,5.6,0,0,4.8
10553,41,14,6.0,0,0,4.7
10554,53,6,7.6,0,1,5.9
10555,48,15,3.5,0,0,2.4
10556,21,9,1.6,0,0,1.5
10557,48,15,6.9,1,1,5.2
10558,48,1,2.0,0,0,1.7
10559,42,3,1.7,0,0,1.2
10560,41,4,2.3,1,0,1.0
10561,39,3,0.8,1,0,0.3
10562,26,1,5.1,0,0,4.1
10563,22,10,9.5,0,0,6.9
10564,29,10,4.6,1,0,2.9
10565,55,12,5.9,0,0,1.6
10566,50,2,5.8,0,1,3.4
10567,40,11,5.0,1,0,1.6
10568,39,15,9.0,0,1,6.2
10569,50,4,7.1,0,1,4.9
10570,38,15,4.8,1,0,2.2
10571,63,2,7.7,0,1,3.2
10572,37,2,4.5,0,0,4.0
10573,42,12,2.3,0,1,2.9
10574,26,9,7.6,0,1,6.8
10575,27,15,6.0,0,0,3.4
10576,42,2,4.8,0,0,4.2
10577,46,2,6.1,0,1,5.8
10578,28,1,7.7,1,1,6.4
10579,52,5,3.6,1,1,3.5
10580,49,2,3.4,1,1,2.8
10581,20,1,3.6,1,0,4.1
10582,50,2,4.5,1,1,3.6
10583,37,3,5.8,0,0,3.7
10584,33,1,3.8,1,0,2.2
10585,31,11,3.6,1,0,2.3
10586,40,7,3.4,1,0,2.7
10587,32,4,5.2,1,0,3.0
10588,60,4,3.5,0,0,0.9
10589,32,3,7.4,0,0,1.9
10590,63,12,4.5,0,1,4.6
10591,42,4,3.3,0,0,1.7
10592,42,10,7.0,0,0,3.2
10593,47,3,6.3,0,0,3.0
10594,37,6,5.9,1,0,3.0
10595,44,13,3.6,0,1,1.4
10596,48,12,6.3,0,0,3.3
10597,58,3,3.1,0,0,0.7
10598,46,12,2.1,0,0,1.0
10599,41,11,4.3,0,0,2.9
10600,36,8,1.5,1,0,1.5
10601,42,3,2.8,0,0,0.0
10602,47,14,5.2,0,0,3.1
10603,28,2,4.9,1,0,2.1
10604,41,9,4.5,0,1,3.7
10605,55,15,5.3,1,0,3.5
10606,33,2,6.6,0,0,3.1
10607,32,1,6.8,0,0,3.1
10608,32,7,7.6,0,0,2.6
10609,31,8,1.8,1,0,1.0
10610,42,7,4.8,0,1,5.3
10611,38,11,5.4,1,0,2.9
10612,24,2,4.4,0,0,1.7
10613,40,2,4.2,0,0,3.3
10614,50,14,6.5,1,1,7.5
10615,24,4,6.1,0,0,2.9
10616,18,2,5.8,0,0,3.9
10617,47,3,3.8,0,0,2.0
10618,26,8,1.6,1,0,0.0
10619,56,2,4.6,1,0,2.0
10620,31,12,4.4,0,0,4.4
10621,25,15,9.0,0,0,3.5
10622,26,12,7.8,0,1,5.4
10623,19,11,4.6,0,0,3.0
10624,38,4,5.2,0,0,2.7
10625,36,11,4.6,0,0,1.0
10626,42,7,2.7,0,0,2.6
10627,30,13,6.2,0,1,4.1
10628,28,10,3.5,0,0,0.7
10629,40,2,7.0,0,0,2.8
10630,46,3,5.2,1,0,2.9
10631,30,5,7.7,1,0,3.9
10632,39,5,5.5,0,0,1.6
10633,44,7,5.8,0,0,4.0
10634,36,3,6.3,0,0,4.3
10635,18,4,3.0,0,0,4.3
10636,54,8,6.5,0,0,2.9
10637,39,2,2.4,1,0,1.5
10638,51,13,4.7,0,1,2.5
10639,29,13,4.2,0,0,2.2
10640,41,2,4.0,0,1,3.3
10641,42,14,6.7,0,0,4.0
10642,35,7,3.5,1,1,2.1
10643,56,2,7.1,0,0,3.0
10644,45,3,4.8,1,0,1.6
10645,43,1,6.8,1,1,5.3
10646,34,3,4.5,0,0,2.8
10647,42,3,8.9,0,0,3.7
10648,31,3,3.5,0,0,1.3
10649,44,1,6.0,0,1,3.6
10650,30,9,6.0,1,0,2.9
10651,38,7,3.0,0,0,1.4
10652,40,5,5.0,1,0,2.7
10653,47,2,0.5,0,0,1.0
10654,49,12,6.6,0,0,3.1
10655,22,12,2.5,0,0,0.9
10656,31,9,8.4,0,0,3.1
10657,45,13,5.0,0,1,3.2
10658,40,10,6.0,1,1,4.9
10659,35,8,4.0,0,0,2.6
10660,43,2,4.4,1,1,5.0
10661,35,10,4.7,1,1,4.5
10662,40,8,5.6,0,0,3.1
10663,37,14,5.6,0,0,3.1
10664,61,2,4.6,1,0,3.0
10665,48,8,8.6,0,0,3.7
10666,30,15,5.0,0,0,1.8
10667,45,3,4.4,0,0,2.4
10668,42,11,3.9,0,1,4.0
10669,25,2,5.1,0,1,4.9
10670,43,5,4.4,0,0,1.9
10671,23,10,4.5,1,0,3.4
10672,42,14,6.8,1,0,3.1
10673,40,9,3.7,0,1,3.7
10674,45,13,5.8,0,0,3.9
10675,27,3,5.7,0,0,1.2
10676,36,2,3.6,0,0,2.7
10677,31,11,2.8,1,0,1.8
10678,40,7,5.6,1,1,3.9
10679,36,6,4.6,0,1,3.7
10680,46,2,5.5,1,0,1.1
10681,42,12,5.9,0,0,2.9
10682,30,14,6.5,0,0,1.8
10683,45,13,5.5,0,0,4.5
10684,37,4,6.2,0,1,2.8
10685,36,14,5.5,0,0,1.4
10686,36,1,5.5,1,1,5.7
10687,51,15,3.9,1,0,2.6
10688,37,6,4.1,1,1,5.6
10689,32,1,2.1,0,0,0.6
10690,41,9,4.5,1,1,3.5
10691,26,11,6.5,0,0,4.1
10692,45,7,2.5,0,0,1.1
10693,56,12,6.1,0,0,4.9
10694,41,1,2.5,0,1,2.5
10695,43,8,2.9,0,0,1.7
10696,19,14,4.1,0,0,2.3
10697,51,4,4.6,0,0,2.6
10698,40,11,7.1,0,0,3.3
10699,28,10,6.7,0,0,3.8
10700,33,1,4.4,0,1,4.0
10701,33,2,6.8,0,0,2.3
10702,31,3,6.4,0,0,3.3
10703,45,11,2.1,0,0,2.4
10704,34,10,5.6,1,0,1.9
10705,23,13,4.8,0,0,3.8
10706,21,15,5.4,0,1,5.1
10707,21,10,6.1,1,0,4.4
10708,38,7,4.2,1,0,1.9
10709,31,10,3.0,0,0,0.0
10710,25,15,7.8,0,1,6.6
10711,44,12,1.6,0,0,0.0
10712,40,4,5.9,1,1,3.6
10713,24,5,8.0,0,1,4.8
10714,19,4,5.5,0,1,3.7
10715,40,14,3.1,0,0,1.6
10716,31,10,7.3,0,1,7.1
10717,49,5,6.4,1,0,3.7
10718,50,6,3.2,0,0,3.5
10719,34,4,7.4,1,0,4.3
10720,44,8,3.7,1,0,1.6
10721,59,1,6.4,0,1,4.1
10722,20,10,3.9,0,0,1.7
10723,27,13,3.7,1,0,3.4
10724,48,1,6.7,0,1,6.3
10725,41,12,3.8,0,1,3.4
10726,48,10,4.8,1,0,3.8
10727,29,5,4.7,0,0,4.1
10728,24,2,2.3,1,0,2.6
10729,32,1,3.1,1,0,0.8
10730,29,13,2.4,0,0,1.0
10731,42,14,3.4,0,0,2.4
10732,42,14,4.1,1,1,3.7
10733,43,14,5.4,0,0,3.7
10734,28,5,3.5,0,1,3.3
10735,41,9,7.0,0,0,3.3
10736,35,14,4.2,0,0,1.8
10737,37,8,6.4,0,0,6.3
10738,45,6,4.4,1,0,0.6
10739,29,6,6.3,0,0,2.0
10740,38,13,8.7,1,1,6.6
10741,43,8,6.8,0,0,4.2
10742,40,2,4.4,1,1,2.8
10743,34,14,1.7,1,1,3.3
10744,31,5,6.3,0,0,3.7
10745,47,13,4.9,0,0,3.1
10746,24,12,4.8,1,0,2.0
10747,26,5,5.0,1,0,0.6
10748,35,1,4.7,0,0,2.6
10749,32,7,3.2,0,1,3.5
10750,19,6,7.2,1,0,4.4
10751,39,10,5.4,0,0,4.1
10752,23,9,3.7,0,0,3.7
10753,28,7,2.2,1,0,2.1
10754,34,5,6.1,0,0,4.5
10755,31,3,4.5,1,0,2.2
10756,38,3,7.7,1,0,4.5
10757,36,11,2.7,1,0,1.7
10758,37,8,6.1,1,1,5.2
10759,29,2,6.5,0,0,2.7
10760,32,11,3.3,0,0,0.8
10761,42,5,0.5,1,1,0.9
10762,18,7,5.6,0,0,3.0
10763,41,4,2.3,0,0,2.2
10764,28,10,3.4,0,0,3.3
10765,36,1,3.2,0,1,5.0
10766,48,15,4.1,1,0,3.0
10767,32,10,7.3,1,0,5.0
10768,45,8,4.4,0,0,3.3
10769,65,1,7.4,1,0,4.3
10770,44,9,8.1,0,0,4.0
10771,31,9,1.8,0,1,3.4
10772,33,11,4.9,1,0,1.2
10773,31,5,1.8,0,0,1.7
10774,19,14,2.1,0,0,0.7
10775,18,13,6.7,1,0,3.8
10776,28,2,7.3,0,0,2.6
10777,48,3,4.6,1,0,2.3
10778,18,2,7.3,1,1,5.7
10779,38,11,5.4,0,0,0.6
10780,47,6,5.6,0,1,5.4
10781,45,5,3.9,1,0,3.7
10782,23,13,6.3,0,1,6.2
10783,37,13,3.2,1,0,2.9
10784,18,13,2.0,0,0,3.1
10785,32,5,3.3,1,0,2.8
10786,29,15,5.4,0,0,2.5
10787,27,1,4.6,0,0,2.9
10788,22,8,8.0,0,1,6.0
10789,29,11,3.4,1,0,1.4
10790,36,12,7.1,1,1,6.1
10791,48,11,5.7,1,0,2.2
10792,33,7,6.8,0,1,3.7
10793,45,14,0.8,1,1,2.1
10794,37,15,2.0,1,0,0.0
10795,37,15,5.0,0,0,2.8
10796,43,7,4.5,1,1,3.1
10797,49,6,4.9,1,1,2.9
10798,43,8,6.0,0,0,3.0
10799,32,14,8.5,1,0,6.7
10800,48,1,4.6,1,0,3.0
10801,43,10,4.1,1,0,1.1
10802,41,14,4.8,1,0,1.8
10803,27,7,9.5,1,1,6.3
10804,22,15,4.8,0,0,2.3
10805,37,15,0.5,0,0,0.5
10806,30,10,5.4,1,0,2.2
10807,43,11,0.5,0,0,1.1
10808,42,7,5.5,0,1,4.9
10809,48,6,3.3,1,0,1.7
10810,47,11,5.6,1,0,2.6
10811,48,12,5.6,1,0,2.2
10812,40,9,5.7,0,0,3.4
10813,28,12,7.5,1,0,5.7
10814,53,12,7.6,1,0,3.8
10815,43,11,3.7,0,1,4.0
10816,42,15,7.1,0,0,3.0
10817,48,5,3.3,0,1,2.9
10818,25,14,2.9,0,1,0.8
10819,33,12,5.5,0,1,5.5
10820,21,15,5.2,1,0,1.6
10821,31,5,4.3,1,0,2.6
10822,30,14,6.0,1,1,3.9
10823,23,9,4.3,0,0,2.1
10824,37,10,8.9,0,1,7.3
10825,56,14,8.9,1,1,6.5
10826,29,13,6.8,1,0,3.3
10827,47,15,2.7,1,0,0.9
10828,33,5,6.8,1,1,7.2
10829,43,12,5.8,0,1,5.6
10830,36,6,5.5,0,0,3.6
10831,28,3,2.6,0,1,3.2
10832,45,15,2.1,0,1,2.8
10833,34,6,5.3,0,1,3.4
10834,37,4,4.4,0,0,0.9
10835,40,15,6.9,0,0,2.4
10836,26,8,1.4,1,1,1.5
10837,31,1,6.1,1,1,4.3
10838,41,11,0.5,0,1,2.8
10839,32,3,3.7,0,1,3.6
10840,18,3,6.2,1,1,3.8
10841,51,3,5.1,1,1,5.6
10842,26,13,4.5,1,0,2.6
10843,32,9,7.2,0,0,4.0
10844,43,13,1.3,0,0,1.1
10845,58,7,4.3,1,0,3.5
10846,20,10,6.3,0,1,5.5
10847,38,5,5.0,1,0,2.8
10848,41,7,6.0,0,0,2.1
10849,45,10,6.4,0,0,4.2
10850,25,1,6.0,0,0,3.4
10851,33,15,3.6,0,0,2.8
10852,50,12,1.8,1,0,0.8
10853,55,15,4.8,0,0,3.7
10854,35,11,7.7,0,0,4.4
10855,28,1,7.6,0,1,5.6
10856,44,3,4.4,1,0,1.0
10857,30,14,5.9,1,0,3.7
10858,18,15,6.0,1,0,3.2
10859,50,11,6.3,0,0,3.2
10860,36,4,0.9,1,0,0.5
10861,39,1,3.7,0,0,1.5
10862,47,13,1.6,0,0,1.2
10863,42,13,8.3,1,0,3.0
10864,50,13,6.0,1,0,3.1
10865,40,15,0.8,1,1,1.7
10866,35,9,6.1,0,0,5.5
10867,37,6,1.6,0,1,0.4
10868,47,8,5.3,0,0,2.6
10869,41,8,5.3,1,0,3.2
10870,58,13,7.0,0,1,5.7
10871,45,1,7.4,0,0,4.4
10872,50,6,6.6,1,1,4.5
10873,45,5,3.9,1,1,1.3
10874,32,15,6.7,0,1,4.6
10875,18,10,3.6,0,0,2.0
10876,47,8,5.8,1,0,3.5
10877,40,6,6.9,0,0,3.8
10878,43,5,5.6,1,0,2.4
10879,36,15,4.8,0,0,2.6
10880,35,3,1.6,1,0,1.8
10881,18,8,5.9,0,0,2.6
10882,34,6,5.9,1,0,3.5
10883,36,14,4.8,0,0,2.4
10884,31,11,6.8,0,0,3.4
10885,36,12,4.2,0,0,4.3
10886,42,12,6.7,0,1,3.6
10887,42,5,3.4,1,1,2.0
10888,38,7,5.1,0,1,3.1
10889,25,10,1.5,0,0,1.4
10890,28,15,4.8,0,1,3.5
10891,46,4,9.1,0,1,5.1
10892,36,1,8.1,1,0,4.9
10893,22,11,8.5,0,0,4.1
10894,47,3,3.7,0,0,0.9
10895,40,1,8.2,1,0,4.4
10896,52,5,4.8,1,1,5.6
10897,67,1,5.6,1,0,3.8
10898,37,12,4.1,1,0,1.0
10899,32,15,3.4,0,0,1.3
10900,48,6,5.3,1,1,3.9
10901,39,13,3.7,1,0,2.1
10902,34,11,4.0,1,0,2.2
10903,44,8,5.9,1,1,4.7
10904,33,4,6.2,1,0,4.9
10905,42,2,6.5,0,0,2.7
10906,46,10,4.4,1,1,3.3
10907,32,6,8.9,0,0,4.4
10908,25,15,5.9,0,1,4.7
10909,31,11,0.5,0,0,0.0
10910,30,8,7.2,0,0,2.7
10911,34,3,6.2,1,1,5.5
10912,25,1,3.4,0,0,2.9
10913,40,12,5.7,0,0,3.7
10914,55,15,3.7,1,0,2.3
10915,43,7,6.1,0,1,5.7
10916,37,1,2.3,0,0,2.3
10917,51,2,6.1,0,0,3.6
10918,38,7,2.9,0,1,1.9
10919,47,14,0.7,0,0,0.8
10920,36,9,5.4,1,0,2.8
10921,52,11,6.8,0,0,3.0
10922,42,3,8.8,1,1,6.3
10923,42,6,4.0,0,1,3.4
10924,52,4,3.8,0,0,0.7
10925,34,7,8.8,1,1,6.0
10926,29,12,5.1,0,1,4.0
10927,41,1,0.7,0,0,0.0
10928,39,9,0.8,0,0,0.5
10929,45,5,7.4,1,0,5.6
10930,28,5,5.7,1,0,3.7
10931,57,7,5.2,0,0,3.3
10932,56,15,2.3,0,0,1.9
10933,40,10,8.9,1,0,3.2
10934,50,7,7.5,0,0,5.3
10935,34,8,6.3,1,0,3.5
10936,40,12,2.7,1,1,2.6
10937,41,11,5.2,1,0,2.6
10938,39,14,4.5,1,1,2.3
10939,33,3,4.0,0,0,2.3
10940,31,15,4.4,1,0,3.9
10941,28,12,3.7,0,0,2.4
10942,42,2,0.5,0,0,0.0
10943,36,15,6.6,1,0,5.3
10944,38,8,3.8,1,0,0.5
10945,52,14,0.9,1,0,0.0
10946,32,4,3.9,0,0,1.4
10947,29,10,4.2,0,1,5.1
10948,25,1,5.4,0,0,2.9
10949,41,2,6.6,1,0,3.9
10950,31,2,10.1,0,0,3.8
10951,27,6,5.7,0,0,5.4
10952,33,7,4.6,0,1,2.3
10953,38,9,7.8,0,0,2.7
10954,36,3,8.0,0,0,2.0
10955,56,11,7.8,1,0,6.3
10956,36,13,0.5,1,0,1.2
10957,18,14,6.5,0,0,5.4
10958,40,13,4.8,1,0,2.8
10959,39,11,5.1,0,0,2.7
10960,48,5,2.9,0,0,0.8
10961,41,9,4.6,0,0,1.6
10962,40,7,3.7,0,1,3.4
10963,18,6,3.8,1,0,3.0
10964,40,8,5.3,1,0,2.9
10965,33,6,7.3,0,0,3.0
10966,31,7,4.3,1,1,4.5
10967,41,13,8.0,1,0,6.8
10968,33,15,8.6,1,0,5.1
10969,45,1,1.7,1,0,1.6
10970,34,5,0.5,0,0,0.5
10971,47,8,5.4,1,0,2.4
10972,50,8,6.8,1,1,6.2
10973,40,15,5.1,0,0,5.2
10974,37,6,5.1,0,0,2.8
10975,59,5,6.3,0,1,4.4
10976,45,15,6.2,1,0,3.0
10977,56,8,4.0,0,0,2.7
10978,35,3,2.4,0,0,0.4
10979,45,9,3.7,1,0,3.6
10980,42,11,4.8,0,0,1.7
10981,48,10,6.5,0,0,4.7
10982,30,14,0.5,0,1,1.4
10983,56,6,4.4,1,0,1.7
10984,39,12,6.4,0,0,3.7
10985,36,12,5.9,1,0,2.7
10986,34,11,5.6,1,1,2.8
10987,43,4,5.6,0,0,4.1
10988,32,15,1.4,1,1,4.3
10989,35,10,6.2,1,0,2.2
10990,26,4,8.9,1,0,4.3
10991,38,9,4.2,1,0,2.6
10992,34,9,1.6,0,0,0.9
10993,33,5,11.2,1,0,6.5
10994,31,13,3.3,1,0,1.6
10995,42,14,2.4,1,0,1.0
10996,39,14,4.5,0,0,2.4
10997,47,2,8.0,0,1,5.3
10998,48,5,6.0,1,0,4.4
10999,50,10,0.8,1,0,0.8
11000,37,14,3.9,0,0,2.7
11001,46,2,5.4,1,0,3.1
11002,47,9,3.9,1,0,1.7
11003,45,2,5.5,0,0,1.6
11004,47,1,3.6,0,1,4.0
11005,43,5,5.8,0,1,3.9
11006,35,12,3.9,0,0,3.2
11007,32,2,2.8,0,0,0.4
11008,45,6,2.4,1,0,0.0
11009,50,11,2.0,0,0,2.3
11010,34,4,5.9,0,0,4.8
11011,29,11,4.8,0,0,2.3
11012,50,10,4.6,0,1,4.9
11013,44,5,6.3,1,0,4.7
11014,48,10,1.3,0,0,1.2
11015,44,8,5.8,1,0,2.7
11016,42,11,3.1,1,1,3.7
11017,46,7,4.8,1,0,2.5
11018,29,7,5.7,0,0,5.6
11019,18,4,1.2,0,0,0.2
11020,39,9,5.5,1,0,4.2
11021,39,9,0.7,0,0,0.4
11022,44,12,1.7,0,0,0.7
11023,41,2,6.7,0,0,2.4
11024,18,5,6.3,0,0,1.9
11025,46,13,4.2,1,0,3.7
11026,27,4,6.1,0,1,4.8
11027,41,12,5.0,0,0,1.6
11028,30,7,7.3,0,0,3.7
11029,28,3,4.9,0,0,2.8
11030,18,2,6.5,0,1,5.4
11031,37,11,3.0,0,0,1.2
11032,44,10,4.8,0,0,1.7
11033,40,9,1.7,0,1,1.2
11034,32,14,6.1,0,1,5.3
11035,23,3,8.4,0,0,4.0
11036,43,11,8.7,0,0,3.3
11037,25,15,2.7,0,0,0.7
11038,18,14,4.5,0,0,2.2
11039,55,5,7.1,1,0,5.3
11040,39,2,6.1,1,1,4.5
11041,47,12,6.5,0,1,5.6
11042,27,3,9.3,0,0,4.6
11043,31,4,4.7,0,0,2.3
11044,52,15,7.4,1,0,5.8
11045,34,7,8.8,0,0,6.0
11046,65,13,3.6,1,0,1.1
11047,39,1,2.2,1,0,2.7
11048,44,8,2.1,0,0,2.0
11049,39,9,8.1,1,0,4.1
11050,30,14,8.2,1,1,5.4
11051,29,3,6.2,0,0,2.8
11052,27,7,7.7,0,0,3.1
11053,29,6,4.1,0,0,2.0
11054,36,3,1.6,0,0,1.3
11055,50,13,7.6,0,1,5.8
11056,22,3,4.3,1,0,0.7
11057,44,3,3.9,0,0,2.6
11058,33,9,2.6,0,0,0.7
11059,52,10,5.3,1,0,3.6
11060,41,9,1.7,0,0,0.0
11061,20,15,4.2,1,0,1.0
11062,44,10,3.2,1,1,3.8
11063,34,13,5.3,1,1,6.1
11064,36,10,5.3,0,1,4.5
11065,56,14,4.6,0,0,1.1
11066,37,10,6.0,1,0,4.9
11067,20,15,4.8,0,0,2.9
11068,44,15,6.6,1,0,4.1
11069,32,6,2.4,1,0,1.7
11070,39,2,8.4,1,0,4.5
11071,36,4,4.2,0,0,3.4
11072,44,10,3.4,1,0,3.0
11073,23,7,4.6,0,0,3.0
11074,37,14,6.5,0,1,4.0
11075,45,6,7.7,0,1,6.8
11076,42,6,3.4,1,0,2.3
11077,49,8,5.5,0,0,4.3
11078,20,15,6.5,1,1,4.2
11079,44,10,4.1,0,1,3.1
11080,45,6,7.7,0,0,5.1
11081,44,7,5.4,1,0,2.5
11082,46,7,5.1,0,0,2.1
11083,45,7,6.1,1,0,3.5
11084,39,1,7.4,0,0,3.6
11085,52,10,0.9,0,0,0.8
11086,42,11,7.8,1,0,4.1
11087,27,8,3.7,0,0,0.8
11088,32,7,9.7,1,0,5.3
11089,53,14,6.2,0,1,4.0
11090,29,1,6.9,1,1,6.2
11091,28,10,4.1,1,0,0.7
11092,43,13,6.1,1,0,3.8
11093,33,12,4.0,0,1,3.2
11094,30,14,8.6,0,0,4.8
11095,43,5,4.6,1,1,2.9
11096,26,12,5.9,1,0,3.3
11097,54,7,5.2,0,0,1.4
11098,34,7,6.0,1,0,2.4
11099,32,2,4.9,1,1,3.7
11100,34,8,6.0,0,1,4.8
11101,42,1,4.6,0,0,2.9
11102,43,3,4.4,0,0,1.1
11103,29,3,4.5,0,0,3.0
11104,34,15,2.5,1,1,2.0
11105,22,12,1.7,0,0,1.5
11106,36,15,1.3,0,0,0.0
11107,45,8,6.6,1,1,4.5
11108,28,15,7.3,1,0,3.9
11109,42,13,1.6,0,0,1.4
11110,32,13,8.6,1,0,6.9
11111,21,3,3.7,1,0,2.9
11112,47,1,3.0,1,0,0.9
11113,35,9,5.9,1,0,4.5
11114,29,2,4.2,0,0,0.0
11115,39,1,4.5,1,0,2.4
11116,50,8,4.5,1,0,2.6
11117,28,12,7.7,1,1,6.1
11118,40,6,4.9,0,0,1.5
11119,52,6,5.3,0,1,4.1
11120,29,11,6.8,0,0,2.3
11121,49,14,3.0,0,0,0.7
11122,45,14,5.6,0,0,0.3
11123,34,9,2.8,1,0,1.9
11124,31,3,6.5,0,0,2.6
11125,37,13,2.4,0,0,2.7
11126,45,3,4.1,1,0,2.6
11127,45,14,5.3,1,0,2.7
11128,39,13,1.9,1,0,1.7
11129,45,15,4.5,0,0,2.9
11130,36,10,4.5,1,0,4.2
11131,26,3,6.4,1,0,2.6
11132,20,8,8.2,1,0,3.2
11133,25,11,5.2,0,0,1.2
11134,30,7,3.3,0,0,1.8
11135,18,6,3.6,0,1,3.4
11136,45,8,4.2,1,0,0.0
11137,43,13,5.4,0,1,4.3
11138,48,7,5.6,0,0,4.2
11139,31,1,6.6,1,0,5.2
11140,53,9,3.3,1,0,2.6
11141,24,13,3.1,1,0,1.8
11142,38,10,0.9,0,0,1.4
11143,42,6,4.9,1,0,3.1
11144,23,13,5.1,0,1,3.3
11145,58,3,7.2,1,1,4.3
11146,32,15,3.6,1,1,3.9
11147,41,12,1.9,0,0,1.3
11148,43,10,6.6,1,0,2.6
11149,42,3,6.4,1,0,2.5
11150,39,6,4.3,0,0,2.1
11151,39,14,5.3,0,1,3.9
11152,51,3,4.6,0,0,2.6
11153,40,6,7.1,1,0,4.3
11154,33,2,6.9,0,0,3.9
11155,27,11,2.4,0,0,1.8
11156,50,14,4.8,1,1,4.7
11157,51,11,6.8,1,0,3.4
11158,28,6,2.2,0,0,0.0
11159,45,12,4.2,0,0,1.7
11160,52,12,9.1,1,0,2.6
11161,44,6,6.4,1,0,3.9
11162,33,3,4.5,0,1,4.2
11163,37,6,6.3,1,0,2.9
11164,40,15,6.0,0,1,3.9
11165,36,13,9.4,0,0,5.1
11166,41,13,5.7,0,0,3.8
11167,34,4,4.2,1,0,2.0
11168,25,4,5.9,0,0,4.4
11169,48,14,5.4,0,0,2.7
11170,35,4,5.0,1,0,2.9
11171,32,4,5.9,0,0,2.8
11172,39,12,5.6,1,0,3.2
11173,35,2,3.3,1,0,2.6
11174,37,13,5.8,0,0,4.2
11175,40,15,3.5,0,1,3.7
11176,32,9,3.8,0,0,2.2
11177,40,6,1.0,0,0,0.0
11178,24,1,5.5,1,1,3.8
11179,30,14,5.1,0,1,5.4
11180,35,1,1.9,0,0,0.8
11181,35,8,1.3,0,1,2.9
11182,45,2,4.5,0,0,3.3
11183,36,13,3.8,0,0,2.0
11184,45,15,3.2,1,0,2.8
11185,38,9,2.7,0,1,3.6
11186,45,9,4.3,1,0,3.3
11187,18,15,9.1,1,0,4.6
11188,41,9,7.6,1,0,3.4
11189,41,13,3.2,0,1,2.9
11190,47,14,3.3,1,0,3.0
11191,55,6,0.5,0,1,1.6
11192,32,10,3.4,1,0,1.6
11193,58,11,7.2,1,0,5.3
11194,27,6,2.0,0,0,1.0
11195,38,13,4.1,0,0,0.0
11196,44,4,2.7,0,0,1.2
11197,38,12,5.6,0,0,2.9
11198,36,10,4.4,1,0,3.6
11199,51,10,2.7,0,1,1.7
11200,26,6,9.6,0,0,5.2
11201,40,5,4.3,0,1,3.4
11202,26,3,8.1,0,0,4.4
11203,24,15,8.0,1,1,6.1
11204,26,13,7.4,1,0,3.8
11205,49,10,3.6,0,1,3.6
11206,30,7,2.5,1,0,2.2
11207,29,6,6.2,1,1,3.6
11208,49,4,4.8,0,0,3.1
11209,33,12,6.7,1,0,1.8
11210,33,15,6.0,1,0,2.1
11211,60,14,4.5,1,0,1.9
11212,31,8,5.1,0,0,1.9
11213,33,14,4.7,1,0,4.0
11214,36,5,3.6,1,0,0.0
11215,58,7,2.7,1,0,1.2
11216,32,9,5.0,0,1,5.2
11217,20,12,5.7,0,0,2.7
11218,45,15,6.2,0,0,3.2
11219,27,5,5.0,0,1,3.5
11220,38,1,1.6,0,1,0.5
11221,26,14,4.9,1,1,3.3
11222,33,7,3.5,0,0,3.2
11223,34,13,6.1,0,0,2.6
11224,49,1,4.6,0,0,3.4
11225,21,12,3.7,0,0,1.5
11226,36,5,7.6,1,0,2.7
11227,47,9,4.1,0,1,4.4
11228,50,13,6.9,0,0,2.9
11229,37,3,8.4,1,0,5.2
11230,27,7,1.3,0,0,1.1
11231,58,15,2.9,1,0,3.3
11232,34,10,3.7,1,0,1.0
11233,40,1,6.0,1,0,4.4
11234,37,14,5.4,0,0,2.2
11235,41,6,3.9,1,0,2.8
11236,37,4,2.9,1,0,1.3
11237,33,1,5.3,1,0,1.7
11238,50,13,4.2,0,0,3.1
11239,41,10,3.7,0,0,1.6
11240,49,5,7.0,0,0,4.1
11241,29,1,5.7,1,0,2.7
11242,42,14,3.2,1,0,1.8
11243,32,14,9.1,1,0,5.2
11244,48,12,0.5,0,1,2.3
11245,43,10,6.0,1,1,4.8
11246,33,11,4.7,0,1,2.5
11247,38,6,4.4,0,0,2.2
11248,38,7,0.5,0,0,0.3
11249,44,11,3.5,1,0,1.1
11250,22,11,3.0,0,0,2.8
11251,18,15,4.7,0,0,3.2
11252,23,7,1.9,0,0,1.8
11253,51,15,5.3,0,0,1.5
11254,45,2,4.7,0,0,2.5
11255,26,4,7.0,0,0,2.5
11256,52,8,6.5,0,0,3.4
11257,37,9,7.1,0,0,3.3
11258,39,1,7.5,1,1,6.5
11259,45,12,1.5,0,1,2.9
11260,23,4,1.4,1,0,0.2
11261,40,7,2.7,0,0,4.0
11262,39,6,5.8,0,0,3.8
11263,27,11,4.6,1,1,4.9
11264,42,3,4.8,0,0,2.6
11265,35,6,3.0,1,1,3.5
11266,36,15,3.5,1,1,3.3
11267,30,8,2.7,0,1,3.2
11268,30,10,5.2,0,0,1.7
11269,43,9,4.4,0,1,4.7
11270,34,4,5.5,0,1,5.7
11271,54,14,3.0,1,0,1.4
11272,45,8,8.6,0,0,6.0
11273,32,1,3.8,0,1,3.0
11274,39,2,4.0,1,0,1.3
11275,60,5,7.7,1,0,4.4
11276,40,8,5.9,1,0,3.2
11277,31,8,5.2,0,0,2.2
11278,32,2,2.7,1,0,1.1
11279,18,14,3.1,0,0,1.2
11280,30,4,8.3,0,0,4.6
11281,31,7,4.6,1,1,4.3
11282,51,7,6.4,0,1,3.6
11283,38,5,1.1,1,1,1.1
11284,39,7,3.3,1,0,0.8
11285,32,1,4.9,0,0,2.1
11286,24,12,5.1,1,1,5.4
11287,48,1,7.0,0,0,4.6
11288,53,13,3.6,0,0,0.8
11289,32,6,2.1,0,1,3.0
11290,54,8,1.7,1,0,1.7
11291,32,13,4.4,0,0,2.8
11292,52,15,6.9,0,1,2.9
11293,39,13,6.5,1,0,5.0
11294,38,13,6.7,0,0,5.9
11295,54,12,5.7,0,0,3.2
11296,32,12,5.4,1,0,2.2
11297,45,12,4.7,1,0,1.7
11298,37,14,6.4,0,0,4.8
11299,26,6,8.2,0,0,3.7
11300,35,1,4.7,1,0,1.6
11301,44,11,4.2,0,1,4.1
11302,35,4,3.8,0,0,0.7
11303,22,12,2.4,0,0,0.3
11304,44,5,5.3,1,1,4.6
11305,61,11,7.4,0,0,3.0
11306,22,9,5.5,0,0,1.1
11307,31,12,4.8,0,0,3.5
11308,38,5,6.1,0,1,5.6
11309,21,1,4.8,1,0,1.4
11310,46,4,7.0,0,1,4.8
11311,36,12,4.0,1,0,1.1
11312,45,9,6.1,1,0,4.1
11313,45,8,7.6,0,0,1.9
11314,35,8,4.9,0,0,1.3
11315,53,9,9.6,1,0,6.3
11316,36,12,7.9,1,1,6.3
11317,57,3,4.1,1,1,4.3
11318,53,13,5.3,1,0,2.6
11319,21,6,8.1,0,0,5.5
11320,34,14,3.6,1,0,2.1
11321,46,9,5.6,1,0,1.6
11322,38,3,3.2,1,0,2.2
11323,40,7,3.3,1,1,4.7
11324,39,12,3.4,1,1,4.6
11325,24,5,7.3,0,0,5.0
11326,60,5,5.6,0,0,0.9
11327,41,3,4.6,0,0,2.2
11328,39,10,8.5,1,0,4.4
11329,40,10,4.0,1,0,1.4
11330,48,9,6.1,1,0,3.4
11331,37,13,3.3,1,1,2.7
11332,36,14,3.0,1,0,0.0
11333,25,14,9.0,0,0,3.9
11334,31,4,5.1,0,0,3.2
11335,39,11,5.4,1,1,4.7
11336,38,1,6.3,1,1,3.5
11337,44,14,3.0,0,1,3.9
11338,38,11,3.8,0,0,3.0
11339,64,13,5.7,0,0,3.1
11340,50,9,7.7,1,1,5.4
11341,37,10,4.9,0,1,4.4
11342,27,10,0.5,0,0,0.0
11343,40,4,7.3,0,0,6.1
11344,46,15,4.0,1,0,2.7
11345,25,13,3.1,1,0,2.1
11346,45,13,5.9,0,0,1.6
11347,32,4,5.2,0,0,4.1
11348,35,4,7.8,0,0,2.9
11349,38,6,2.9,1,0,1.0
11350,38,9,5.3,0,1,4.2
11351,35,2,0.5,1,0,0.0
11352,48,5,4.2,1,1,3.5
11353,38,15,7.0,1,1,4.4
11354,25,4,8.5,0,0,5.1
11355,44,1,5.6,1,1,4.8
11356,47,13,3.3,0,0,1.4
11357,53,11,8.2,0,0,5.2
11358,33,5,2.5,0,0,1.5
11359,36,3,3.5,0,0,0.6
11360,37,8,3.9,1,0,1.3
11361,37,2,4.8,0,1,4.5
11362,43,1,5.7,0,0,3.6
11363,48,15,5.3,0,1,4.8
11364,18,2,2.3,0,1,2.5
11365,31,10,1.0,0,1,3.4
11366,48,7,6.3,0,0,2.2
11367,42,14,3.4,0,0,1.3
11368,32,7,2.7,0,1,2.9
11369,48,13,5.4,1,0,3.3
11370,43,5,7.6,1,0,3.7
11371,39,10,6.6,0,0,1.8
11372,24,9,4.4,0,0,1.5
11373,48,6,7.1,0,0,1.9
11374,25,6,2.6,0,0,0.6
11375,41,13,5.3,0,0,1.9
11376,32,3,8.9,1,1,7.7
11377,62,2,5.4,0,0,3.8
11378,35,13,6.6,0,0,4.1
11379,24,9,9.3,1,1,7.8
11380,38,5,6.7,0,0,3.8
11381,50,13,4.8,1,0,0.3
11382,51,8,4.6,0,0,3.9
11383,34,12,5.6,1,0,3.7
11384,47,1,5.2,0,0,4.1
11385,43,13,4.9,0,0,2.1
11386,19,12,6.4,1,1,4.1
11387,30,10,10.8,1,1,7.2
11388,26,6,2.9,0,1,3.4
11389,44,13,3.8,0,1,4.2
11390,31,15,8.6,1,0,5.2
11391,40,1,6.6,1,0,3.4
11392,50,11,4.2,0,1,4.0
11393,47,2,2.9,0,0,0.9
11394,46,15,4.4,0,0,2.3
11395,43,4,6.7,1,0,4.5
11396,47,1,4.6,0,0,2.6
11397,32,13,7.9,1,0,4.5
11398,56,14,3.5,0,0,0.7
11399,48,4,1.4,1,1,2.4
11400,47,9,3.5,0,0,1.1
11401,45,2,3.6,0,1,4.0
11402,35,15,4.9,0,0,1.9
11403,44,8,4.9,0,0,2.2
11404,32,11,3.0,0,0,4.6
11405,28,10,4.6,0,0,3.0
11406,43,11,4.4,1,0,3.9
11407,26,3,4.4,0,0,2.1
11408,39,13,3.1,0,0,2.4
11409,34,15,8.0,1,0,5.3
11410,41,1,5.1,1,0,1.6
11411,23,13,4.4,1,0,2.0
11412,42,9,8.7,1,1,6.4
11413,54,5,7.2,1,0,3.8
11414,64,8,4.1,0,0,3.3
11415,27,7,3.8,0,1,2.8
11416,33,1,2.3,0,0,3.5
11417,53,5,1.3,0,0,1.2
11418,41,9,4.0,0,0,1.8
11419,45,14,6.6,0,0,3.6
11420,33,1,2.5,0,0,1.7
11421,49,13,7.8,0,0,4.7
11422,27,10,6.7,0,0,3.1
11423,47,6,7.2,0,0,3.0
11424,61,7,4.8,0,0,2.1
11425,56,5,3.5,1,0,3.5
11426,63,14,4.6,0,0,2.3
11427,18,9,5.1,1,0,2.4
11428,34,1,6.3,0,0,3.0
11429,26,2,1.1,1,0,1.1
11430,39,2,7.0,1,1,4.5
11431,30,9,1.9,1,0,0.0
11432,39,1,3.9,1,0,2.8
11433,30,14,2.0,0,1,2.4
11434,29,9,3.5,1,0,3.1
11435,42,11,4.1,1,0,4.7
11436,36,8,4.7,1,1,3.2
11437,43,10,1.0,1,0,0.1
11438,35,5,3.9,1,1,4.0
11439,38,15,5.1,0,0,2.7
11440,48,10,7.9,0,0,5.6
11441,36,7,7.7,0,0,3.9
11442,31,11,5.8,0,1,4.0
11443,58,7,6.4,0,0,2.4
11444,35,2,7.2,0,0,2.9
11445,25,9,4.2,1,1,4.6
11446,37,5,6.7,0,0,1.6
11447,26,6,3.3,0,0,2.5
11448,28,1,6.1,0,1,4.7
11449,42,4,5.7,1,0,3.0
11450,53,15,5.2,1,0,3.6
11451,22,5,3.3,1,1,3.2
11452,42,5,4.3,0,0,1.4
11453,49,12,1.7,1,0,0.0
11454,24,8,1.3,0,1,2.0
11455,41,15,2.4,0,0,1.0
11456,35,15,6.0,1,0,3.6
11457,35,2,4.9,0,1,5.0
11458,39,4,6.5,0,0,3.8
11459,51,10,4.1,0,0,2.1
11460,18,1,5.7,0,1,5.6
11461,20,12,2.7,1,0,0.9
11462,22,8,3.5,0,0,0.1
11463,39,3,4.3,0,0,2.3
11464,33,5,4.8,0,0,2.5
11465,55,14,4.7,0,1,3.1
11466,18,4,2.5,0,0,0.9
11467,46,2,7.7,1,1,5.4
11468,29,2,4.1,0,0,2.4
11469,43,4,3.9,0,0,0.8
11470,47,5,4.9,0,0,2.2
11471,31,15,4.4,1,0,1.0
11472,32,3,0.7,0,0,0.8
11473,37,4,7.0,1,0,3.9
11474,54,6,1.5,1,0,0.8
11475,48,15,6.3,0,0,3.3
11476,37,11,5.1,0,0,4.2
11477,32,5,2.2,0,0,0.0
11478,41,15,3.4,1,0,2.8
11479,30,15,2.9,1,0,4.1
11480,37,1,8.8,1,0,3.8
11481,38,8,2.9,0,1,2.6
11482,49,2,5.7,0,1,5.3
11483,41,1,6.9,0,1,4.7
11484,30,14,4.1,0,0,3.8
11485,20,11,8.5,1,1,4.6
11486,25,5,5.9,0,0,2.0
11487,40,4,6.6,1,0,4.5
11488,46,14,6.8,1,0,4.7
11489,42,3,8.3,0,0,3.3
11490,29,9,6.6,0,1,4.0
11491,33,8,4.6,0,1,4.9
11492,33,13,6.7,0,1,4.5
11493,28,5,6.1,0,0,2.4
11494,35,10,5.4,0,0,3.5
11495,38,10,3.1,1,1,4.1
11496,41,15,2.7,0,0,1.4
11497,35,11,4.7,1,0,1.2
11498,42,10,2.8,1,1,0.8
11499,43,8,5.3,0,1,3.4
11500,42,5,3.2,0,0,1.5
11501,33,3,5.4,0,0,2.0
11502,30,9,8.0,0,0,3.7
11503,42,10,8.2,0,1,6.2
11504,34,13,2.6,1,0,2.1
11505,35,8,5.8,0,1,4.7
11506,50,10,4.0,1,0,2.2
11507,31,12,4.1,0,0,3.2
11508,42,15,4.2,0,0,3.0
11509,31,15,5.0,1,0,2.9
11510,25,12,4.4,0,0,3.6
11511,37,5,4.6,1,0,1.5
11512,28,14,7.1,1,0,4.7
11513,40,7,5.8,0,0,2.9
11514,39,11,5.4,0,0,3.2
11515,44,5,7.4,0,0,3.0
11516,52,11,4.4,1,0,0.6
11517,46,12,4.1,0,0,1.5
11518,29,1,6.1,0,0,2.4
11519,40,3,7.6,0,0,2.8
11520,27,13,2.5,1,1,2.8
11521,18,11,6.0,0,0,3.7
11522,43,13,4.0,1,0,2.1
11523,42,7,7.1,0,0,4.0
11524,40,15,4.8,0,0,2.8
11525,36,10,3.4,0,1,1.7
11526,32,13,9.7,0,0,5.6
11527,43,2,4.8,0,1,4.7
11528,18,10,4.4,0,1,6.2
11529,31,9,2.9,0,0,0.9
11530,36,4,1.5,1,0,1.1
11531,39,3,6.8,0,0,4.1
11532,39,4,3.9,1,0,1.7
11533,22,5,6.6,0,0,4.9
11534,46,6,6.2,0,0,2.7
11535,58,4,5.1,0,0,1.6
11536,33,7,0.6,1,0,0.0
11537,30,4,5.6,0,0,1.6
11538,49,12,7.8,0,1,4.5
11539,44,6,6.3,0,0,3.8
11540,35,11,5.9,1,1,4.8
11541,44,5,7.3,1,0,4.0
11542,26,9,2.9,1,0,0.9
11543,40,2,5.5,1,0,2.4
11544,43,13,4.6,0,0,2.4
11545,27,9,6.9,1,0,4.7
11546,27,9,3.0,0,0,2.4
11547,24,9,6.3,0,0,3.4
11548,48,11,8.6,1,1,6.2
11549,45,9,5.1,0,0,4.5
11550,45,1,2.9,0,0,0.4
11551,47,13,4.2,0,1,4.3
11552,27,8,7.5,1,0,4.9
11553,44,9,2.2,0,1,1.3
11554,42,6,5.8,0,1,4.5
11555,32,8,4.4,1,0,1.4
11556,50,7,3.8,1,0,1.8
11557,45,10,7.1,0,0,4.5
11558,36,13,8.9,0,0,4.8
11559,27,12,1.8,1,0,2.1
11560,18,10,7.8,1,0,5.1
11561,29,1,5.4,0,0,2.3
11562,34,1,7.1,0,0,3.7
11563,37,13,2.7,0,0,2.1
11564,45,12,3.4,0,1,2.4
11565,29,9,6.0,1,1,6.2
11566,27,4,5.0,0,0,3.3
11567,39,7,5.5,0,0,4.1
11568,46,11,5.6,1,0,3.9
11569,29,8,2.7,0,0,1.7
11570,39,2,6.4,1,1,4.7
11571,46,8,2.1,1,0,1.9
11572,22,6,7.6,0,0,5.3
11573,40,2,6.8,1,0,3.5
11574,27,10,8.7,0,0,4.3
11575,38,15,6.3,1,0,3.5
11576,25,13,4.4,0,0,3.7
11577,21,10,3.0,0,1,2.5
11578,33,6,3.8,0,0,2.3
11579,53,9,6.6,1,1,4.2
11580,32,15,8.8,1,0,6.6
11581,29,4,7.5,0,0,3.9
11582,21,11,6.2,1,0,3.1
11583,50,7,4.3,0,1,5.1
11584,42,7,4.4,1,0,2.0
11585,27,6,4.2,0,0,3.5
11586,32,9,4.9,0,0,2.7
11587,21,3,3.0,0,1,1.7
11588,53,6,7.0,0,1,6.4
11589,37,15,4.7,0,0,1.5
11590,35,8,3.7,0,0,1.4
11591,50,9,7.2,1,0,4.5
11592,42,7,1.1,0,0,0.0
11593,44,8,6.5,0,1,2.6
11594,35,7,4.0,0,0,0.0
11595,38,5,5.2,0,0,3.3
11596,39,3,2.1,0,0,1.0
11597,36,8,5.6,0,0,4.8
11598,54,6,2.2,0,0,1.2
11599,42,15,6.3,0,0,2.3
11600,58,4,7.7,0,1,5.9
11601,51,13,1.2,0,0,1.8
11602,20,8,5.0,0,0,2.0
11603,25,10,5.5,1,0,2.6
11604,33,5,6.2,1,0,5.2
11605,36,12,3.8,1,0,2.1
11606,45,11,5.3,1,1,3.3
11607,33,7,6.2,0,0,1.7
11608,30,5,5.7,0,0,2.9
11609,45,2,4.2,0,0,1.2
11610,44,12,3.9,1,1,4.4
11611,55,10,5.5,1,0,5.0
11612,41,14,3.4,0,1,5.0
11613,42,4,5.4,1,0,4.2
11614,47,8,4.7,1,0,3.0
11615,46,9,5.2,1,1,3.3
11616,59,9,6.2,0,0,4.2
11617,25,7,3.8,1,1,3.6
11618,60,11,6.9,1,0,4.2
11619,23,1,3.4,1,0,2.7
11620,47,15,2.8,0,1,2.9
11621,32,15,4.2,1,0,3.7
11622,29,7,5.9,0,1,3.9
11623,26,14,5.2,0,1,2.4
11624,47,10,2.8,0,0,0.6
11625,36,14,3.9,0,0,0.0
11626,30,6,3.6,0,0,2.7
11627,42,1,6.7,0,1,5.0
11628,51,4,7.4,0,1,3.2
11629,28,15,6.4,0,1,4.6
11630,34,5,5.2,1,0,2.5
11631,39,13,4.9,0,0,3.1
11632,27,6,7.9,0,0,4.1
11633,35,9,6.3,1,1,4.7
11634,41,4,4.8,0,1,3.7
11635,37,6,2.7,1,1,3.2
11636,46,10,6.6,0,0,5.0
11637,57,4,6.2,0,0,1.7
11638,27,3,4.7,1,0,4.0
11639,37,10,4.6,0,0,2.3
11640,45,7,1.6,1,0,0.6
11641,43,15,3.2,0,0,3.0
11642,39,6,7.8,1,0,3.7
11643,31,2,2.7,0,1,2.3
11644,45,2,1.6,1,0,1.7
11645,30,7,5.0,0,0,4.5
11646,36,8,2.1,1,1,3.6
11647,38,10,2.3,0,0,1.0
11648,38,2,5.9,0,0,2.2
11649,32,15,6.1,1,0,3.1
11650,37,12,6.7,0,0,4.8
11651,28,15,2.7,1,0,2.2
11652,42,13,4.3,0,1,3.6
11653,40,11,4.8,0,0,2.3
11654,43,6,4.2,0,1,2.5
11655,33,6,5.6,1,0,4.0
11656,36,14,3.6,1,0,0.6
11657,42,12,7.2,0,1,4.7
11658,45,4,4.5,0,0,3.0
11659,51,11,5.6,0,1,4.6
11660,45,10,4.9,0,0,2.9
11661,33,11,7.7,0,0,4.4
11662,36,8,6.9,0,0,3.8
11663,29,1,7.4,0,1,4.2
11664,28,10,5.4,0,0,4.5
11665,41,1,5.2,0,0,4.3
11666,48,13,5.7,0,0,2.8
11667,36,10,7.4,1,0,1.2
11668,28,11,6.5,0,1,3.2
11669,19,9,5.7,1,1,3.5
11670,36,12,1.5,0,0,0.0
11671,39,9,4.8,0,0,0.0
11672,44,12,4.7,0,1,4.8
11673,43,8,6.8,0,0,2.6
11674,41,14,1.8,1,0,1.1
11675,34,1,4.4,1,0,1.9
11676,52,7,5.2,1,0,2.4
11677,38,3,3.7,0,1,4.8
11678,29,6,4.3,0,0,2.5
11679,35,14,1.2,1,1,4.0
11680,37,15,3.0,0,0,1.5
11681,42,4,4.4,0,1,3.9
11682,35,7,1.6,0,0,1.6
11683,38,13,6.4,1,0,4.0
11684,27,6,4.4,1,1,2.9
11685,35,14,0.6,1,0,0.1
11686,35,10,5.4,1,0,3.5
11687,52,9,4.8,0,1,3.3
11688,35,13,7.1,0,1,5.0
11689,37,3,2.5,0,0,2.2
11690,24,3,7.3,0,0,4.7
11691,49,1,5.1,0,0,0.4
11692,19,1,4.1,1,1,4.5
11693,22,8,5.3,0,1,5.9
11694,48,15,1.2,0,0,0.0
11695,35,1,6.5,1,0,5.2
11696,44,12,6.6,0,1,5.7
11697,34,1,4.9,1,0,2.3
11698,31,15,4.5,0,0,2.4
11699,34,8,4.9,1,0,2.7
11700,18,11,4.6,1,0,2.8
11701,36,7,7.1,1,0,5.5
11702,42,12,2.7,0,0,1.0
11703,34,4,6.0,0,0,4.3
11704,34,5,0.5,1,1,1.5
11705,20,1,7.3,0,0,3.9
11706,43,7,8.4,1,1,5.3
11707,47,9,2.9,1,0,0.9
11708,23,7,3.2,0,0,1.6
11709,42,6,4.7,0,1,4.5
11710,39,14,4.0,0,1,4.9
11711,35,15,7.1,0,0,2.2
11712,27,14,5.9,0,1,4.3
11713,51,15,4.7,0,0,1.3
11714,45,2,4.5,0,0,2.6
11715,31,15,4.4,0,0,2.6
11716,40,15,6.9,1,0,2.8
11717,38,9,7.6,0,1,6.0
11718,37,4,2.4,0,0,0.7
11719,35,15,7.6,0,0,4.6
11720,23,13,4.5,0,0,2.9
11721,29,12,5.0,1,0,2.2
11722,53,2,4.2,0,0,1.8
11723,33,12,5.6,1,0,2.2
11724,25,9,4.7,1,0,2.1
11725,33,9,7.0,1,0,4.1
11726,34,15,7.2,0,0,3.0
11727,55,6,5.4,1,0,3.3
11728,41,8,7.0,0,0,3.9
11729,51,5,6.4,1,1,4.0
11730,18,4,0.6,0,0,0.9
11731,44,10,3.9,0,1,4.1
11732,44,1,4.5,1,1,5.2
11733,40,4,2.7,1,1,1.8
11734,38,3,5.5,1,0,5.0
11735,63,13,7.6,0,0,4.0
11736,45,1,2.6,1,1,2.7
11737,32,13,3.6,1,0,1.4
11738,18,11,2.4,1,0,0.8
11739,41,5,8.7,0,0,3.4
11740,35,10,6.8,0,0,3.6
11741,55,4,3.2,0,0,1.8
11742,31,15,4.5,1,0,1.9
11743,41,12,4.1,0,0,1.4
11744,58,2,2.8,0,1,3.2
11745,40,14,4.1,0,0,2.7
11746,43,10,5.2,0,0,0.9
11747,45,6,6.2,0,0,3.4
11748,39,3,3.6,0,0,1.6
11749,36,5,4.0,1,0,3.2
11750,44,7,9.4,0,1,7.4
11751,50,12,2.8,0,0,1.2
11752,40,6,3.6,0,0,0.4
11753,38,7,3.8,1,0,2.5
11754,54,6,3.7,0,0,1.6
11755,36,3,7.1,0,0,2.1
11756,44,7,2.8,0,1,1.5
11757,40,11,5.2,0,0,2.7
11758,51,10,5.7,1,0,2.9
11759,38,1,5.5,0,0,2.5
11760,40,10,6.1,0,0,5.0
11761,25,3,2.9,1,1,3.0
11762,40,15,9.5,1,1,5.7
11763,34,12,5.9,0,1,4.5
11764,29,1,8.7,1,1,6.7
11765,37,1,7.8,1,0,3.5
11766,52,13,4.0,1,1,3.2
11767,32,14,4.4,0,0,1.7
11768,46,3,2.6,0,1,4.7
11769,32,10,7.0,0,0,5.2
11770,26,5,6.2,1,1,4.9
11771,43,8,6.5,0,1,4.8
11772,46,4,6.8,1,1,7.3
11773,47,12,1.1,0,1,3.2
11774,51,11,8.8,1,0,4.7
11775,44,1,5.1,0,0,2.3
11776,34,5,6.8,0,0,2.9
11777,21,8,4.3,0,0,3.5
11778,34,12,5.9,0,0,3.4
11779,54,6,6.5,0,0,1.6
11780,30,10,1.9,0,0,0.4
11781,31,14,4.0,0,0,3.3
11782,26,7,9.4,0,1,7.1
11783,37,3,5.7,0,1,4.9
11784,48,10,1.7,1,0,0.0
11785,64,1,1.8,0,0,0.2
11786,19,2,6.1,1,1,4.9
11787,25,5,0.5,0,0,1.1
11788,54,6,4.2,0,0,1.7
11789,38,3,2.9,0,0,0.9
11790,34,12,7.1,1,0,5.1
11791,18,5,3.1,0,1,3.0
11792,46,15,3.8,0,0,2.9
11793,35,11,7.6,1,0,5.1
11794,43,12,4.6,0,1,4.3
11795,32,8,4.5,0,0,2.0
11796,32,7,9.0,0,0,5.0
11797,38,2,7.7,0,0,4.3
11798,38,4,5.6,0,1,3.7
11799,34,6,4.7,0,0,2.0
11800,39,1,6.8,1,0,2.9
11801,47,12,6.8,0,0,3.9
11802,21,15,3.2,1,0,2.6
11803,29,12,4.7,1,1,6.0
11804,37,11,5.5,1,0,4.0
11805,41,8,5.1,0,1,4.3
11806,39,11,5.1,0,0,2.3
11807,36,13,4.7,0,0,3.5
11808,38,7,6.2,0,0,3.2
11809,33,14,4.7,0,1,1.8
11810,55,5,7.8,0,0,5.0
11811,45,14,4.8,0,0,1.9
11812,25,6,6.1,1,0,2.8
11813,39,6,5.9,0,0,2.9
11814,56,11,7.2,1,0,2.2
11815,31,5,5.5,0,0,3.0
11816,45,3,5.2,1,1,4.0
11817,50,4,6.9,0,0,3.6
11818,24,1,5.1,0,0,3.4
11819,29,2,6.0,1,0,2.5
11820,37,15,7.0,1,0,2.8
11821,41,13,8.6,0,0,5.2
11822,33,15,3.5,0,0,3.0
11823,45,1,7.6,1,1,4.5
11824,43,12,2.9,1,0,2.5
11825,34,7,3.2,1,0,2.3
11826,30,14,6.4,0,0,5.3
11827,30,4,2.9,0,0,2.9
11828,47,13,1.0,0,0,0.2
11829,39,10,6.0,0,1,4.0
11830,18,14,5.7,1,1,5.7
11831,36,1,3.4,1,0,2.0
11832,34,11,3.3,0,0,2.5
11833,28,13,5.8,0,0,3.1
11834,52,13,6.9,0,0,3.2
11835,27,15,5.1,1,1,4.0
11836,33,10,7.0,0,0,3.4
11837,37,4,5.9,1,0,2.0
11838,34,1,4.4,0,1,4.8
11839,61,13,1.6,1,1,3.8
11840,31,1,3.9,0,0,2.7
11841,46,5,6.0,0,0,4.5
11842,41,13,4.2,0,0,4.1
11843,45,9,7.6,1,0,3.6
11844,39,8,6.8,0,0,4.7
11845,28,14,5.7,0,0,3.3
11846,43,1,5.1,0,0,2.4
11847,20,11,5.2,0,0,3.6
11848,39,6,3.8,0,0,0.9
11849,24,15,3.2,0,0,4.3
11850,51,3,6.3,0,1,6.0
11851,37,9,5.2,0,0,1.5
11852,48,8,6.0,1,0,2.9
11853,53,7,3.4,0,1,2.6
11854,25,9,4.7,0,0,2.3
11855,42,12,4.3,0,1,3.7
11856,40,6,6.6,1,0,4.9
11857,44,15,8.4,1,0,4.6
11858,39,4,6.8,1,0,2.3
11859,36,1,2.6,0,0,0.3
11860,56,12,5.8,0,0,3.4
11861,25,5,4.4,1,1,4.7
11862,39,11,3.7,1,0,0.8
11863,36,2,5.7,1,0,1.6
11864,46,15,3.5,0,1,3.5
11865,48,8,6.4,0,0,3.6
11866,57,6,3.2,0,0,1.5
11867,26,14,1.4,1,1,1.4
11868,27,14,5.2,0,0,3.9
11869,34,13,6.9,0,0,3.2
11870,21,14,4.9,0,0,3.4
11871,23,2,1.9,0,0,0.0
11872,38,11,2.2,0,0,1.3
11873,35,15,4.1,0,0,1.5
11874,38,5,7.1,1,0,3.5
11875,40,9,2.7,1,0,3.2
11876,38,8,3.4,1,0,2.1
11877,38,3,6.5,0,0,2.6
11878,39,8,5.7,0,0,2.6
11879,32,13,6.3,0,0,3.0
11880,27,1,7.5,1,0,4.0
11881,24,11,2.8,0,0,2.8
11882,36,11,3.4,0,1,3.3
11883,34,9,3.1,1,0,1.3
11884,68,13,5.1,1,0,3.2
11885,52,1,9.0,1,1,6.6
11886,43,1,2.6,0,0,1.5
11887,18,14,4.2,1,0,1.6
11888,29,6,7.1,1,0,2.3
11889,45,1,5.3,1,1,3.9
11890,38,12,2.1,1,0,2.3
11891,47,2,0.8,0,0,1.4
11892,38,5,4.2,1,0,2.3
11893,40,10,5.9,1,0,4.5
11894,33,4,3.7,1,0,2.5
11895,28,11,5.4,0,0,3.6
11896,28,6,1.4,0,1,2.5
11897,28,12,6.2,0,0,5.3
11898,28,4,6.6,1,0,3.0
11899,37,1,6.8,0,0,2.1
11900,34,2,4.7,0,1,3.8
11901,43,9,5.0,1,0,3.0
11902,34,5,4.9,0,0,4.1
11903,36,10,4.1,1,0,1.6
11904,32,13,4.8,0,0,2.0
11905,50,15,3.8,0,0,2.1
11906,46,3,4.1,1,0,0.4
11907,41,2,7.5,0,0,3.9
11908,40,10,4.6,0,0,2.6
11909,39,4,6.5,0,0,2.1
11910,41,5,2.4,1,0,0.0
11911,42,2,3.7,0,1,3.6
11912,58,12,3.7,1,1,2.7
11913,42,1,5.0,0,0,3.1
11914,37,10,2.6,1,0,2.1
11915,48,7,2.7,1,0,2.2
11916,54,8,4.3,0,1,5.7
11917,29,15,3.0,0,0,0.9
11918,23,4,4.2,1,0,2.8
11919,37,1,8.1,0,1,6.5
11920,20,3,2.9,0,0,2.3
11921,46,15,4.4,1,1,1.8
11922,34,4,6.4,1,0,3.5
11923,41,13,3.6,0,0,1.4
11924,38,1,2.5,0,0,0.7
11925,33,8,3.6,1,0,2.1
11926,41,9,0.5,0,0,0.0
11927,21,12,6.4,0,0,2.3
11928,34,4,4.6,0,0,2.0
11929,38,13,4.1,1,1,3.3
11930,20,1,4.7,0,0,2.9
11931,31,3,4.1,1,0,2.7
11932,39,2,7.9,0,1,5.9
11933,27,5,7.2,0,0,5.7
11934,55,1,8.3,0,0,4.5
11935,36,15,5.9,0,0,4.1
11936,33,13,6.4,1,0,3.1
11937,48,4,6.2,1,0,3.3
11938,54,10,4.0,1,0,1.6
11939,59,10,0.9,0,1,3.5
11940,39,15,4.8,1,0,1.3
11941,34,6,6.1,0,0,4.1
11942,43,13,4.8,0,0,4.0
11943,56,11,7.6,0,0,4.2
11944,40,3,4.1,0,0,2.6
11945,48,5,5.3,0,0,1.7
11946,50,10,4.1,0,0,2.5
11947,44,14,8.4,0,0,3.5
11948,53,4,1.1,1,0,0.3
11949,37,4,7.5,1,0,3.2
11950,29,12,4.8,1,0,3.8
11951,36,8,5.7,0,0,3.7
11952,29,14,0.5,1,1,2.3
11953,34,4,2.1,0,0,0.0
11954,23,1,5.0,1,0,3.0
11955,18,1,6.4,1,1,4.5
11956,20,6,4.6,0,1,2.8
11957,19,2,3.0,1,0,1.6
11958,28,9,4.8,1,0,2.3
11959,31,4,3.4,1,1,4.4
11960,46,1,9.8,0,0,5.9
11961,42,2,6.2,1,0,1.5
11962,37,10,5.2,0,0,4.6
11963,49,7,7.8,0,0,2.7
11964,49,10,5.5,0,0,2.0
11965,35,1,7.6,0,1,5.7
11966,35,3,11.4,1,0,6.7
11967,43,13,3.8,1,0,0.8
11968,39,10,7.3,1,0,1.0
11969,24,11,8.9,0,1,5.4
11970,32,14,4.9,1,1,4.6
11971,31,13,5.4,1,0,2.1
11972,49,13,6.3,0,0,2.7
11973,25,1,2.2,0,1,3.0
11974,24,2,5.7,1,0,1.7
11975,48,11,3.0,0,0,1.8
11976,45,13,2.8,1,1,2.5
11977,27,2,6.9,0,0,5.3
11978,35,14,7.0,1,0,3.2
11979,21,9,5.5,1,0,4.0
11980,29,3,3.7,0,0,0.0
11981,31,7,6.9,0,0,4.2
11982,49,15,5.8,0,1,5.9
11983,47,14,5.9,1,0,4.4
11984,30,14,6.2,0,0,3.1
11985,47,9,4.8,0,0,1.7
11986,39,4,5.5,1,0,2.2
11987,23,6,4.1,0,0,2.2
11988,21,1,6.9,1,1,4.9
11989,33,7,6.4,0,0,3.8
11990,40,11,7.4,0,0,3.7
11991,42,4,1.9,0,0,0.0
11992,35,8,6.7,0,0,3.9
11993,33,4,6.1,0,0,4.0
11994,49,13,2.4,1,0,1.9
11995,22,15,7.0,1,0,5.3
11996,18,14,3.6,1,0,2.7
11997,46,6,4.7,0,0,1.6
11998,53,3,6.8,0,0,4.1
11999,18,1,2.2,1,0,0.0
12000,31,11,6.0,1,0,1.8
