id_client,prediction_churn,probabilite_associee (%)
10001,1,60.88425721086858
10002,1,62.550550645351876
10003,0,45.46306024213867
10004,1,89.37053361805191
10005,1,88.386309041293
10006,0,19.58299481779313
10007,1,75.21653969395874
10008,0,41.62114106973462
10009,1,86.30153767113754
10010,1,84.23376252015345
10011,0,17.894186389393283
10012,1,94.40732238653081
10013,1,89.60538839078818
10014,1,85.23104160686887
10015,1,86.74726358067021
10016,1,93.21791470961249
10017,1,74.48807831653805
10018,0,23.94341251553661
10019,0,36.790746180067636
10020,1,91.37713464437593
10021,1,95.04530071847057
10022,1,73.64089292807013
10023,1,89.49531270756134
10024,1,90.43319301534653
10025,1,58.64087390567205
10026,1,59.484291884018894
10027,1,79.8876626737063
10028,1,83.82605265802286
10029,1,96.92246706591592
10030,1,80.49346498583888
10031,1,92.23398667111962
10032,1,74.5184975487661
10033,1,89.15040102761986
10034,1,79.12179455536366
10035,0,19.65888871947553
10036,1,90.76003790530156
10037,0,24.997345057666777
10038,1,64.83645903650206
10039,1,93.81356719882551
10040,1,64.29198098144711
10041,1,84.53813223752847
10042,1,93.77049203292508
10043,1,72.06571458700898
10044,1,60.10901281747041
10045,1,88.83642361488842
10046,1,83.6900198417303
10047,1,88.4585182082578
10048,1,92.62979399318633
10049,1,66.62849285366318
10050,1,81.2236165133757
10051,1,82.90756445194842
10052,0,34.73315640067958
10053,1,88.78228637180015
10054,1,95.95982129223162
10055,1,85.84302715510853
10056,0,29.70203809749437
10057,1,94.34239717795995
10058,0,40.86305031801431
10059,1,87.52071129690545
10060,1,76.62928121996583
10061,1,79.47934605469186
10062,1,88.79299186974754
10063,1,70.01848709057424
10064,1,76.75626518155319
10065,1,76.44787401368771
10066,1,77.96763428677616
10067,1,77.13625975680026
10068,1,76.87827017717909
10069,1,88.72873160332524
10070,1,83.35698607510325
10071,1,90.48625490771232
10072,1,69.64393631161128
10073,0,43.77689040875901
10074,0,44.651014980381895
10075,1,55.479200501971285
10076,1,67.4891551889326
10077,0,45.702757742021824
10078,1,88.80254793408368
10079,1,65.12582576535235
10080,1,64.87345132554931
10081,0,38.279751220410475
10082,1,61.45677261305498
10083,1,77.4072985879631
10084,1,79.76712199478875
10085,1,62.726851635526614
10086,1,80.2317106490377
10087,1,51.15221628855862
10088,1,92.28341932286882
10089,1,53.3760918765822
10090,1,66.6241242616274
10091,1,89.87452479827844
10092,1,83.02786978079855
10093,1,88.47370115606483
10094,0,40.945120276770155
10095,1,62.28351020332483
10096,1,58.601402851696946
10097,1,94.33031527391391
10098,0,36.07579154265714
10099,1,96.08798596491697
10100,0,42.6060682381033
10101,1,96.96980233590033
10102,1,71.43151610612755
10103,1,62.59625774394316
10104,1,84.4868830931472
10105,1,91.96269294060743
10106,1,88.12480538884323
10107,1,71.43208105639816
10108,1,96.33294806653882
10109,1,87.43461206548315
10110,0,30.07957932404076
10111,0,43.7426608293712
10112,0,33.17505874546197
10113,1,97.44895032590641
10114,1,95.53177026474627
10115,1,50.756769786264236
10116,1,94.29619724459337
10117,1,64.51089403494838
10118,1,96.9012809501865
10119,1,63.93502275253827
10120,1,76.59724734764872
10121,1,96.9507282863526
10122,0,17.423329887494145
10123,1,60.83722282898947
10124,1,90.62303746626293
10125,1,95.79429718444857
10126,1,97.50418961518858
10127,1,70.30924619259233
10128,1,95.46468262499828
10129,0,8.583080687475194
10130,1,69.70182365760844
10131,1,88.28007172065809
10132,1,96.34670018890023
10133,1,94.00295298618273
10134,1,90.63123506487094
10135,1,89.85692131956388
10136,1,83.44357478114962
10137,1,66.80198043886419
10138,1,94.93516734690546
10139,1,95.33664085564615
10140,0,48.708272499158944
10141,1,81.09491820868236
10142,1,93.55794455856127
10143,0,39.82646626365948
10144,1,74.79621242332996
10145,1,90.05482724881055
10146,1,71.5857167175631
10147,1,82.25497244798086
10148,1,78.62058646995825
10149,1,83.94865367998209
10150,1,98.01556846961886
10151,1,91.41037761529911
10152,1,83.75753041774611
10153,0,47.37671999223931
10154,1,84.75469150935069
10155,1,62.95977917866914
10156,1,61.666369802795884
10157,0,29.790323808512376
10158,1,95.04910917419329
10159,1,71.87291656315863
10160,1,88.9803356667773
10161,1,82.35061631021459
10162,1,90.99822892427713
10163,1,58.56870545397342
10164,1,87.86957977918522
10165,1,88.88747102911174
10166,1,76.16727680556978
10167,1,91.37135423346314
10168,0,25.694338289925707
10169,1,66.91548352319943
10170,1,60.18670880796212
10171,1,55.8467476068563
10172,1,84.7788498443822
10173,1,69.55038721999959
10174,1,74.2082958937154
10175,0,46.059930639265126
10176,0,37.61734481628163
10177,1,70.72909792499114
10178,1,77.97137281799677
10179,0,22.183661622253364
10180,0,31.03707607868958
10181,1,75.27736979739996
10182,1,97.83660738027154
10183,1,75.54521353687763
10184,1,98.72161687541976
10185,1,71.48821058140273
10186,1,77.10331296987943
10187,1,92.51014567934865
10188,1,82.84683981661323
10189,1,52.098873020311665
10190,1,74.95606074156521
10191,1,97.68696808463257
10192,1,60.50073668686385
10193,1,96.30183254376102
10194,1,91.18816395711555
10195,1,86.23552723649013
10196,1,75.28362208536021
10197,1,92.68633104557998
10198,1,95.85358309206892
10199,1,96.86678773951742
10200,1,93.78638882437802
10201,1,56.84443968443518
10202,1,93.22054698457694
10203,1,50.48561258861031
10204,1,64.60001746195073
10205,0,41.194285083290275
10206,1,86.90084829565956
10207,1,72.73257173722443
10208,1,71.97706753594953
10209,0,11.414667382594896
10210,1,68.47713662008854
10211,1,89.65702510211959
10212,1,98.24432648018119
10213,1,53.518839081162206
10214,1,94.81626971359663
10215,0,6.669817404205318
10216,0,33.56489902658114
10217,1,63.75612928617051
10218,1,84.45826930222361
10219,1,80.16606391491116
10220,1,62.73943114606138
10221,1,83.46297945160373
10222,1,85.10610472698637
10223,1,63.71330467840629
10224,1,86.49485071990655
10225,1,98.24334576384702
10226,1,85.6838971518609
10227,1,58.502416075798976
10228,1,95.8543597587488
10229,1,84.41278219784107
10230,1,96.2904099857948
10231,1,77.9461470258334
10232,1,96.43220945292673
10233,1,94.03204220775126
10234,1,94.9153535648629
10235,1,88.8577531506232
10236,1,94.34187859256663
10237,1,53.564481246570736
10238,1,97.0726963770139
10239,1,83.87253332087914
10240,0,48.107321731308396
10241,0,35.726933598001615
10242,1,50.33247336513832
10243,1,94.13524312337547
10244,1,97.00869672571483
10245,1,97.14504962947433
10246,1,69.98334160738827
10247,1,64.93354847688805
10248,1,87.41641603632098
10249,1,62.51636782049649
10250,1,75.51054688485438
10251,0,39.94788325520754
10252,1,67.92203285018246
10253,1,60.14254358257738
10254,1,94.42345859011125
10255,1,88.43373518858937
10256,1,82.05619354500257
10257,1,96.14607634878436
10258,1,78.43620632024047
10259,0,33.76424038870394
10260,0,19.478125833874326
10261,1,88.49934100561595
10262,1,93.1585114194858
10263,1,86.65577026521795
10264,1,98.06520898183251
10265,1,59.38581428583053
10266,1,86.11248594228441
10267,1,86.67718703966946
10268,1,51.437108769851434
10269,1,61.45921813906562
10270,1,85.5903152108944
10271,1,66.55207799038737
10272,1,88.14574006262454
10273,1,66.42953667858428
10274,1,85.29370065485591
10275,1,87.33806294877164
10276,0,49.19673760182033
10277,1,82.97397890504169
10278,1,94.88765087071256
10279,0,20.498330435982464
10280,1,74.95315073144916
10281,1,95.82700392591897
10282,1,96.04088206538462
10283,0,15.020955615714076
10284,1,70.45255296271958
10285,1,82.8534494402456
10286,1,56.23116926338175
10287,1,87.38447589575038
10288,1,89.77878596687799
10289,1,65.1097201679147
10290,0,38.26959782808777
10291,0,45.91513540354075
10292,1,52.80376048317205
10293,1,75.00300461779293
10294,1,92.34621945057523
10295,1,61.75160754796809
10296,1,85.50720821807204
10297,1,88.36584561590463
10298,1,93.23546610832243
10299,1,71.73358151924786
10300,1,96.37067549026894
10301,1,71.74894386024029
10302,1,98.30723269742964
10303,1,86.53961085900428
10304,1,74.2472478076409
10305,1,82.46861775158875
10306,1,92.18038603449658
10307,1,94.5325083412135
10308,1,84.43702661007735
10309,1,75.54340592888586
10310,1,82.09627498327583
10311,1,72.62720073289013
10312,1,96.79173456670127
10313,0,24.17739743806357
10314,0,29.70031994726275
10315,1,79.6015956438355
10316,1,81.24714598710932
10317,1,86.28477563154445
10318,1,67.63853343325896
10319,1,62.594931048801506
10320,1,93.56975335424849
10321,1,62.39587247109086
10322,1,84.13781636004138
10323,1,92.5929155975188
10324,1,93.66178668505282
10325,1,87.94542328081978
10326,0,24.191170345174775
10327,1,85.19363826759935
10328,1,93.40735967683345
10329,1,87.63709155466263
10330,0,26.69206506759117
10331,1,90.49258777419126
10332,0,42.54582515954081
10333,1,81.83351954592757
10334,0,46.99907911502156
10335,0,38.40938733370442
10336,1,90.8668099357543
10337,1,75.67799477267597
10338,1,81.12552716949831
10339,1,54.798625081474114
10340,1,74.8711254758281
10341,1,88.09172340837405
10342,1,89.83155688890886
10343,1,95.5887869746297
10344,0,32.86369193793393
10345,1,79.24853151642589
10346,1,62.49946542144876
10347,0,44.20198922544337
10348,1,92.72283702282425
10349,1,81.00601765107537
10350,0,27.46432896349923
10351,1,61.42734637582051
10352,1,75.96004197238807
10353,1,92.29935320179808
10354,1,65.68590731270436
10355,1,61.18911747108581
10356,1,79.83043611753631
10357,1,76.55815046657214
10358,1,98.49616013474211
10359,1,59.21715416284671
10360,0,19.259971202811453
10361,1,73.70275418694455
10362,1,80.9422481485848
10363,1,89.04961109599667
10364,1,51.979422216320984
10365,1,78.9676585317537
10366,1,88.29682226604207
10367,1,90.1864656595313
10368,1,86.16238922225207
10369,1,84.28370637237522
10370,1,81.14662559609012
10371,1,62.21516829917596
10372,1,55.40962335555611
10373,1,71.35359749823142
10374,1,81.92196115412315
10375,1,72.54440264819056
10376,1,91.7582703965489
10377,1,74.65230676889087
10378,0,37.09548317015314
10379,1,88.04768479342314
10380,1,84.68915323338885
10381,1,93.85222579337864
10382,1,68.97432223018508
10383,1,87.58286160238785
10384,1,95.4004715741177
10385,1,95.85499563935176
10386,1,87.45927879935691
10387,1,90.1388690328946
10388,0,27.69083815658589
10389,1,55.68385718165019
10390,1,85.56875780878855
10391,1,74.22382091977802
10392,0,28.463439060804713
10393,1,92.5864359531573
10394,1,92.54822698935716
10395,1,72.34870854007892
10396,1,61.25677386028767
10397,1,69.06744738460664
10398,0,42.26117254367858
10399,1,94.46420726418651
10400,1,53.48718116522873
10401,1,59.20585050709285
10402,1,73.32589938052779
10403,0,47.604802132351125
10404,1,76.97509677351279
10405,1,83.28685092467532
10406,0,34.28497210996281
10407,0,22.494572172010876
10408,1,85.35203455109178
10409,1,61.42378415526879
10410,1,98.29811148272215
10411,1,74.97561797260144
10412,1,97.66968021174503
10413,1,57.096213083622025
10414,0,15.754018021931653
10415,0,42.452571234688655
10416,1,76.96795029566927
10417,1,80.71859633891003
10418,1,73.13585871375628
10419,0,28.904081168603422
10420,1,95.81621503172391
10421,1,68.31120854015185
10422,1,80.5459112687726
10423,0,33.021620741343526
10424,1,81.23492837358167
10425,1,58.42328776060769
10426,1,64.42945076489667
10427,1,79.21336623915342
10428,1,92.752681339586
10429,1,91.9061291151767
10430,1,82.15072498088716
10431,1,92.57316551973643
10432,1,56.895208036211095
10433,1,67.81755413693429
10434,0,47.90316675080998
10435,1,96.88085278080545
10436,0,44.46771066149756
10437,1,92.12162198665933
10438,1,69.77174139326276
10439,1,53.73724521193959
10440,0,29.37066109867363
10441,1,86.87107373588803
10442,1,67.27180482976286
10443,1,89.80412638235556
10444,0,22.193533752209778
10445,1,74.3872279846384
10446,1,74.05163630632627
10447,1,92.94290475749055
10448,0,44.16068292409615
10449,1,92.51741384719485
10450,1,90.72231348477658
10451,1,79.41522137516928
10452,1,66.47401029490021
10453,1,86.92407490211154
10454,1,52.72286364439401
10455,1,88.88741022898093
10456,1,78.50797663388444
10457,1,96.60627016480903
10458,1,69.66246851585166
10459,1,88.84120262381515
10460,1,79.24928444724425
10461,1,50.653503600552355
10462,1,71.75970287006648
10463,1,89.62597727036467
10464,1,61.489669744571984
10465,1,84.31608539685143
10466,1,88.19498385498356
10467,1,83.1919656473598
10468,1,54.8659365441051
10469,0,45.41194208968055
10470,1,63.15361992917564
10471,1,59.69866786689093
10472,1,69.00380619391923
10473,1,83.12385626359661
10474,1,91.59154548698054
10475,1,75.56065830890861
10476,1,83.98605669399014
10477,1,81.80524062791442
10478,1,82.83156717771509
10479,1,68.94236800367156
10480,1,91.53158797517499
10481,1,85.8614512974859
10482,1,59.47085762492294
10483,1,60.75868734367429
10484,1,93.14230083130629
10485,1,73.46136965734621
10486,1,93.08434918053176
10487,1,69.45335263552413
10488,1,83.53078980280968
10489,0,10.018157574083899
10490,1,77.46288133443674
10491,1,96.98982133166693
10492,1,93.92105900317485
10493,1,95.98882131924498
10494,0,29.832783166295552
10495,1,84.54205520409907
10496,1,64.64457086705923
10497,1,95.69095897731825
10498,1,79.37428206571872
10499,1,83.95399672752326
10500,1,94.21258866675495
10501,0,10.969824112527386
10502,1,79.16497063889125
10503,1,89.27895711795225
10504,0,24.815076309875607
10505,0,45.49614762415865
10506,1,95.22793268272743
10507,0,47.70154107231684
10508,1,77.77081599060773
10509,0,17.630344246514227
10510,1,83.84981653627675
10511,1,93.1318975320189
10512,1,64.86770768025181
10513,1,76.04055543739965
10514,1,97.71134463763164
10515,1,96.68935017633966
10516,1,94.98667481826205
10517,1,90.53007124931769
10518,1,80.89395094383185
10519,0,43.78744163310356
10520,1,87.89469672268129
10521,1,96.02211910599917
10522,1,68.04921068412663
10523,1,59.578422434849884
10524,1,94.19246279447253
10525,1,85.30979383761203
10526,0,4.404499500861629
10527,1,96.53908727971185
10528,1,69.76017219143777
10529,0,45.83213423463049
10530,1,77.62472858409298
10531,1,73.34785334927841
10532,1,58.37129763681648
10533,1,98.1395574948356
10534,1,97.03232230452893
10535,1,90.55353173632504
10536,1,63.75702028846939
10537,1,91.26946599714853
10538,0,48.668449402283
10539,1,82.25670447711198
10540,0,39.33660566148346
10541,1,82.73194612084211
10542,1,94.78719988582435
10543,1,80.08874293098302
10544,1,92.81111240514632
10545,1,65.46724866761716
10546,1,58.500829051817426
10547,1,91.63956067334705
10548,1,83.91896697963539
10549,1,96.30803645709527
10550,1,89.17237897515693
10551,1,90.6289051395642
10552,1,56.14243383262586
10553,0,40.2023585725721
10554,0,27.7621654813209
10555,1,85.69364726346593
10556,1,93.89456432949498
10557,0,36.78908284258276
10558,1,95.90553563775904
10559,1,96.75919289737782
10560,1,97.03758452146181
10561,1,98.7244181164354
10562,1,62.29188239976497
10563,0,5.493446928346918
10564,1,78.31952837518457
10565,1,86.32366866874345
10566,1,77.11659958153943
10567,1,89.13148467033895
10568,0,11.452883688320414
10569,0,46.07467889707995
10570,1,83.3082255968759
10571,1,73.03842027136778
10572,1,69.83730120915313
10573,1,88.19151143875443
10574,0,11.972568080392918
10575,1,54.898617897124446
10576,1,66.79418272258721
10577,0,39.38706007876632
10578,0,21.933909217498588
10579,1,86.41214069341386
10580,1,91.79568392237454
10581,1,73.33330304407072
10582,1,83.54274632585866
10583,1,65.40356495326064
10584,1,91.11031382905391
10585,1,87.27053510678012
10586,1,88.03201658817703
10587,1,78.88606907497463
10588,1,96.43839559400286
10589,1,78.00266100680938
10590,1,65.06859348403916
10591,1,93.13941612018604
10592,1,60.687469428128246
10593,1,74.55572547142036
10594,1,75.41190701935282
10595,1,93.021527451546
10596,1,63.86366930907268
10597,1,97.1903257963486
10598,1,95.83749544013625
10599,1,78.74931542394327
10600,1,96.00340623704076
10601,1,97.91913417810686
10602,1,71.2749911218011
10603,1,87.93279643641362
10604,1,73.17190995064593
10605,1,70.70491997434648
10606,1,68.54831946428202
10607,1,67.86922522605462
10608,1,65.1110929865554
10609,1,96.59288547159383
10610,1,50.033130476535206
10611,1,75.9525416582484
10612,1,89.47234941784193
10613,1,80.25392574258132
10614,0,13.990798123645751
10615,1,70.00004085044222
10616,1,57.26631561765899
10617,1,91.5815052462478
10618,1,98.1320796090657
10619,1,92.46018468281105
10620,1,54.18294244772645
10621,0,32.91409942103749
10622,0,21.778591923639034
10623,1,70.47215012219226
10624,1,80.32402725732204
10625,1,91.34619832962177
10626,1,89.04747737157358
10627,0,49.83105690071965
10628,1,94.13137653163145
10629,1,72.16426591264155
10630,1,83.27905735302664
10631,1,50.143465295920166
10632,1,88.01430295163605
10633,1,59.7528765156379
10634,1,52.73037354621442
10635,1,67.52207720849567
10636,1,72.98502214535517
10637,1,96.05955250164422
10638,1,84.44065420739332
10639,1,82.39482829253294
10640,1,83.86768076531182
10641,0,46.651126352268854
10642,1,92.10613398290785
10643,1,73.38280713349087
10644,1,92.54939448476993
10645,0,46.74645286878114
10646,1,82.02188788915797
10647,0,46.44937359332295
10648,1,93.67044964424696
10649,1,72.92133508343674
10650,1,72.15873601369246
10651,1,93.79208094456563
10652,1,83.64586946507384
10653,1,98.11756341989967
10654,1,65.17747356594963
10655,1,94.0937400985179
10656,1,50.10219866489951
10657,1,74.80911833201269
10658,0,49.23279247323511
10659,1,83.34310806135592
10660,1,66.30441251623662
10661,1,62.45272414985054
10662,1,71.62264653110539
10663,1,66.04775724018963
10664,1,87.48263183540467
10665,0,45.92582519513856
10666,1,82.00570602899722
10667,1,87.48403551408653
10668,1,71.47099669776851
10669,1,53.159273228855376
10670,1,89.64981368768363
10671,1,71.43299892283233
10672,1,64.23692528478065
10673,1,77.00003252615268
10674,1,56.2517218517929
10675,1,89.12242716566674
10676,1,86.87503172324641
10677,1,92.1154145801544
10678,1,69.37921916013647
10679,1,73.47882592778349
10680,1,93.66214911037355
10681,1,70.05400134997124
10682,1,75.84105720894084
10683,0,48.891854756999734
10684,1,77.47841234017575
10685,1,85.18498782608997
10686,0,46.975340866905334
10687,1,85.5199709318289
10688,1,53.84007708873851
10689,1,97.35072988555355
10690,1,78.7502531290713
10691,0,43.85380048339966
10692,1,95.82918785716866
10693,0,43.154072958696794
10694,1,93.07340681483551
10695,1,92.98339948386982
10696,1,79.19682396262532
10697,1,85.909602527209
10698,1,56.96537747828084
10699,0,48.766203530365594
10700,1,73.65370439565314
10701,1,77.34628010073276
10702,1,65.57214436629941
10703,1,90.71002151741384
10704,1,84.65575555611129
10705,1,57.251115328641944
10706,0,35.163335363584
10707,0,45.60128489757959
10708,1,90.49724346624156
10709,1,96.74643461606459
10710,0,10.364948674588966
10711,1,97.96781087695354
10712,1,73.7864000115908
10713,0,32.616104377995434
10714,1,64.99188187153516
10715,1,91.14998876328076
10716,0,11.189281670004643
10717,1,67.72972172500977
10718,1,82.29901556988492
10719,0,48.15705242237189
10720,1,93.2316590720073
10721,1,68.3095738859218
10722,1,87.31618152897596
10723,1,74.62045049511134
10724,0,30.027404500757125
10725,1,78.12838850514451
10726,1,71.46972981310918
10727,1,62.35460737976785
10728,1,91.11240939175404
10729,1,96.72613867534065
10730,1,94.21258866675495
10731,1,85.48998083913663
10732,1,75.45844492214233
10733,1,60.417982015974005
10734,1,81.76343465401487
10735,1,59.737359545347516
10736,1,86.28159718290476
10737,0,20.641125663404377
10738,1,95.88259249773346
10739,1,79.45901537451874
10740,0,12.190941724187182
10741,0,48.65638416853567
10742,1,88.30041844083027
10743,1,87.24413174636146
10744,1,58.57593915598422
10745,1,73.64030382683208
10746,1,83.96645404988938
10747,1,94.0804634695414
10748,1,84.23617260486661
10749,1,80.79442209315567
10750,0,41.17511701422652
10751,1,56.568580119459234
10752,1,69.04145247318374
10753,1,92.68729792130634
10754,0,48.44628191990867
10755,1,88.45142400058197
10756,0,45.235779136551066
10757,1,93.18491942753398
10758,0,44.678762283694276
10759,1,73.19328623295198
10760,1,94.17889619649917
10761,1,98.5200434021298
10762,1,67.48646392821567
10763,1,92.77866327157241
10764,1,76.24351955792602
10765,1,68.27648765131534
10766,1,80.68077356298069
10767,0,32.43231092567295
10768,1,76.75607006187045
10769,1,61.11738873326799
10770,0,42.40887268120561
10771,1,85.7537535846138
10772,1,90.79916884909531
10773,1,94.44577303697585
10774,1,94.73348272859275
10775,0,47.18051769880365
10776,1,69.75378445968585
10777,1,89.78674127466314
10778,0,29.097374469535154
10779,1,91.81040368002029
10780,0,45.60633922494146
10781,1,79.73979549421182
10782,0,19.00643714467111
10783,1,84.07464178639803
10784,1,80.68773761437849
10785,1,87.27919173326242
10786,1,72.1837274952503
10787,1,80.33023826376281
10788,0,16.551987431252783
10789,1,92.54810095849054
10790,0,22.9134013487754
10791,1,83.79293361947232
10792,1,58.457912911217804
10793,1,95.56882111593279
10794,1,97.6866207913717
10795,1,72.73682487040386
10796,1,84.04914705860615
10797,1,85.76328745916894
10798,1,71.50056821856937
10799,0,9.294691177179214
10800,1,85.89495755271793
10801,1,93.94326225850723
10802,1,87.39462226276137
10803,0,12.658704582974343
10804,1,75.93864546687028
10805,1,97.48424563022671
10806,1,82.05346246740741
10807,1,97.08800255636677
10808,1,51.54925977379444
10809,1,94.24663962633387
10810,1,80.29829713181677
10811,1,83.66494122188566
10812,1,66.21813492294932
10813,0,20.48657023893102
10814,1,53.68639400748868
10815,1,72.83722142509981
10816,1,58.645065724313696
10817,1,88.84564871751502
10818,1,94.61940623199118
10819,0,34.98216741317229
10820,1,83.86155943956027
10821,1,85.38802555720807
10822,1,57.87679304954253
10823,1,83.82453075046608
10824,0,7.218144126894044
10825,0,14.662588241951305
10826,1,57.982704119550796
10827,1,95.76999164425489
10828,0,16.700406247166256
10829,0,34.74028131326089
10830,1,65.88465959968299
10831,1,86.78844345888412
10832,1,88.6793296809781
10833,1,72.9078159360295
10834,1,93.95984480321344
10835,1,68.0196520036517
10836,1,96.26814718119171
10837,1,62.926944838325895
10838,1,93.01001064464626
10839,1,79.96417422585039
10840,1,63.84530008081494
10841,1,54.45955339587161
10842,1,79.41557609422519
10843,0,44.48870248160021
10844,1,96.13959344448705
10845,1,81.57529642996705
10846,0,28.1055800192043
10847,1,82.38051081661708
10848,1,81.69900369233338
10849,1,50.22196239363905
10850,1,66.45003415508913
10851,1,78.74774586774829
10852,1,97.28451037914101
10853,1,67.06223410975562
10854,0,34.46366780707519
10855,0,28.50683506904369
10856,1,95.22486831052164
10857,1,57.266103944253956
10858,1,59.445096502133744
10859,1,66.72805941333355
10860,1,98.39966334814967
10861,1,93.67197688052958
10862,1,95.78668771394062
10863,1,56.85279095539359
10864,1,72.0724328933808
10865,1,96.15482988954844
10866,0,30.473343769320106
10867,1,98.0700360863156
10868,1,80.47574432750629
10869,1,75.74769889835473
10870,0,29.8092697156277
10871,0,48.50716006256989
10872,1,58.37542652096336
10873,1,95.51565460594873
10874,0,37.649388843575196
10875,1,85.75953802341813
10876,1,70.97388452810526
10877,1,55.07778965809115
10878,1,84.51934667189487
10879,1,75.92102009206852
10880,1,95.82288297675596
10881,1,70.33764862209671
10882,1,68.26074477720282
10883,1,78.76660206165123
10884,1,54.45414174077852
10885,1,58.718031032158756
10886,1,59.12484321106384
10887,1,93.78702592365636
10888,1,77.73556707162236
10889,1,94.48099136370872
10890,1,65.76356754715056
10891,0,29.2599327430142
10892,0,37.62439006846897
10893,0,30.012860016935548
10894,1,95.71547763835251
10895,0,45.8972823167163
10896,1,55.00271843816452
10897,1,78.33136701890189
10898,1,93.4046106226381
10899,1,90.84600357013207
10900,1,73.95871009139215
10901,1,88.67153472649409
10902,1,87.203746493575
10903,1,56.20592761112175
10904,0,46.574826101482046
10905,1,76.47450423952206
10906,1,81.66022975567392
10907,0,30.426976981011727
10908,0,39.104011929512154
10909,1,98.26736891536898
10910,1,64.71764128194575
10911,0,42.8847793382991
10912,1,84.65483073428103
10913,1,59.24625153317407
10914,1,88.82552940262418
10915,0,35.62121840572435
10916,1,92.7347941190914
10917,1,69.8970795393953
10918,1,93.12496231505474
10919,1,97.30009810248902
10920,1,77.89506071110524
10921,1,67.0872457302832
10922,0,19.902692746534154
10923,1,81.0326744226277
10924,1,96.21426510554481
10925,0,18.882173763824376
10926,1,59.38022703258415
10927,1,98.88437738188561
10928,1,97.85890604204926
10929,0,31.410437885099036
10930,1,65.71665902770827
10931,1,76.38520770216618
10932,1,92.68740448741544
10933,1,51.73535087202746
10934,0,30.863766854699133
10935,1,64.1806783522959
10936,1,90.41475620963193
10937,1,80.74810759936297
10938,1,86.46965523089737
10939,1,87.60522089870071
10940,1,63.48345683859724
10941,1,82.88097843187848
10942,1,98.91840303285076
10943,0,29.70276936807525
10944,1,96.11084355294672
10945,1,98.63632658665011
10946,1,92.4083012780309
10947,1,50.16188696343228
10948,1,76.16708143913401
10949,1,63.72977325026873
10950,0,34.442259850626556
10951,0,34.29888501878518
10952,1,86.09486045371364
10953,1,62.56312907138367
10954,1,74.89047307995422
10955,0,19.729579866082783
10956,1,96.94465921470432
10957,0,21.709917282063522
10958,1,79.08806184863761
10959,1,76.68388746768865
10960,1,96.53672306021997
10961,1,89.27859461694581
10962,1,81.31330149502259
10963,1,80.82990121188814
10964,1,78.82288505333077
10965,1,62.34423142278044
10966,1,66.24871846053283
10967,0,11.433737313506121
10968,0,21.05198808473691
10969,1,96.8901544327137
10970,1,98.17249860405423
10971,1,84.49561353795076
10972,0,29.741213349818057
10973,0,37.375157601231585
10974,1,78.3169533033861
10975,1,61.295837977503666
10976,1,69.33722626330479
10977,1,86.16383986653229
10978,1,97.37856884907539
10979,1,79.2633408825837
10980,1,87.4574817710475
10981,0,42.73093262105354
10982,1,96.12702428736216
10983,1,93.10679713339417
10984,1,54.23149704198684
10985,1,74.57254492728406
10986,1,78.2946281690627
10987,1,61.85722025071456
10988,1,78.78040848606132
10989,1,79.71685825039519
10990,0,35.651385445149124
10991,1,85.0663680101824
10992,1,96.39113107670244
10993,0,7.2718573225690015
10994,1,91.48339183503458
10995,1,95.72340206552137
10996,1,80.7376533229816
10997,0,34.94161231954239
10998,1,59.787187955251795
10999,1,98.0640246418432
11000,1,79.91823713189861
11001,1,81.18025701457451
11002,1,92.47609757368231
11003,1,89.88362417400636
11004,1,80.7563123928417
11005,1,66.7354398777707
11006,1,75.2700756333401
11007,1,97.07486441668001
11008,1,98.32328774353721
11009,1,91.95350858703878
11010,0,46.01624874560393
11011,1,80.05925081854936
11012,1,57.56442052955831
11013,1,51.80538830679466
11014,1,96.54188210678389
11015,1,79.53268550470638
11016,1,81.85043546232137
11017,1,86.05291982615863
11018,0,31.308659445417362
11019,1,97.81940622349057
11020,1,59.662862341543374
11021,1,98.04001721831469
11022,1,96.79439947450938
11023,1,78.57788266656355
11024,1,78.66512956245255
11025,1,73.26504388740605
11026,0,46.753722582960094
11027,1,86.99212561893334
11028,0,49.66758713607974
11029,1,79.05336298805065
11030,0,33.97979477317917
11031,1,93.58926862648502
11032,1,88.13789190449197
11033,1,96.53632399487492
11034,0,32.201445387651084
11035,0,38.94770979365963
11036,0,47.10209888965174
11037,1,94.10181949920351
11038,1,78.19666012594479
11039,0,40.70584189645329
11040,1,61.62971454800792
11041,0,31.69381061790892
11042,0,26.52004051239395
11043,1,84.56611597334437
11044,0,23.5077573593825
11045,0,13.984763603391666
11046,1,95.53447909166792
11047,1,92.62009996449862
11048,1,93.25869879328675
11049,0,43.651342488224266
11050,0,22.674062974483643
11051,1,72.84384113789172
11052,1,55.3512687263335
11053,1,87.5809404789793
11054,1,96.37454580810481
11055,0,23.31796726528511
11056,1,94.85216727465217
11057,1,87.453283974942
11058,1,95.78925660275456
11059,1,72.3395014191043
11060,1,98.0507702878349
11061,1,90.76364622938652
11062,1,81.45033648813366
11063,0,31.31562354322836
11064,1,54.43194294409418
11065,1,92.07069531990392
11066,0,43.80431966267717
11067,1,67.80618844230837
11068,1,50.0263740659293
11069,1,94.41240025724917
11070,0,41.77266581144486
11071,1,77.06980118043282
11072,1,85.1985350713227
11073,1,74.46569280932964
11074,1,50.78785332334371
11075,0,16.012071887668423
11076,1,90.97615969539152
11077,1,57.89972181116894
11078,0,45.55114147503033
11079,1,81.6634720398744
11080,0,31.742870706024746
11081,1,83.60438803196809
11082,1,85.92210579839673
11083,1,69.46787369258153
11084,1,58.98246226206759
11085,1,97.6883967919229
11086,0,44.85410453810801
11087,1,93.80519944053847
11088,0,18.727595142726095
11089,1,58.129143507144235
11090,0,28.661762911592515
11091,1,94.22420542743694
11092,1,59.53922877485007
11093,1,77.50595670340441
11094,0,21.127487507579783
11095,1,86.2218994598999
11096,1,63.74162057656327
11097,1,91.12840734513118
11098,1,80.12412502808687
11099,1,77.0470083063286
11100,0,46.11826125367745
11101,1,83.31778660925063
11102,1,93.91042101435943
11103,1,78.9992052385564
11104,1,92.31406956727383
11105,1,93.14411958576385
11106,1,97.67971596224886
11107,1,54.92738809745471
11108,0,43.07428728035184
11109,1,94.93539763845546
11110,0,8.358187643602557
11111,1,84.28448538014057
11112,1,97.21189430895352
11113,1,50.99442865889567
11114,1,96.54932329415801
11115,1,88.99999890742903
11116,1,86.47859760952117
11117,0,18.477584852657706
11118,1,89.9999730504637
11119,1,68.80282656687717
11120,1,69.93241961877753
11121,1,95.4633130837101
11122,1,92.65537416552849
11123,1,92.4758618050097
11124,1,74.22179885025656
11125,1,86.14424897451774
11126,1,88.90601501584634
11127,1,78.36542675720658
11128,1,94.27128363009471
11129,1,76.17309316248611
11130,1,64.27810114003263
11131,1,76.82481209506138
11132,1,51.63829507237381
11133,1,87.20744379527468
11134,1,90.67255464205114
11135,1,77.54438953394005
11136,1,97.08782644599458
11137,1,56.46763671614919
11138,1,59.328697939336216
11139,0,41.29048362408004
11140,1,89.90519872417738
11141,1,90.10497807421226
11142,1,96.00132020742527
11143,1,80.18367242499808
11144,1,66.88642951552703
11145,1,62.661116749943865
11146,1,72.37149727534768
11147,1,94.95612923485382
11148,1,75.30798510678137
11149,1,81.39755294489835
11150,1,87.76084354222138
11151,1,61.03626701282624
11152,1,86.34792228673818
11153,1,50.38141563603193
11154,1,54.8280244456673
11155,1,91.15688326744741
11156,1,60.11205238630223
11157,1,65.1964496291184
11158,1,97.62751788349695
11159,1,89.18100328416982
11160,1,61.77662436732058
11161,1,62.52128594522534
11162,1,69.0295338942152
11163,1,74.54428592193888
11164,1,55.83556174429085
11165,0,16.69727912736714
11166,1,57.14933353771223
11167,1,90.44094278898712
11168,0,49.28242950435735
11169,1,75.3866157451886
11170,1,81.39447612400377
11171,1,74.50078941485906
11172,1,70.75285152764283
11173,1,90.04348284826169
11174,0,48.88132367029762
11175,1,73.93820756375695
11176,1,86.28929682421543
11177,1,98.53098489733512
11178,1,71.37387209764215
11179,0,36.32379512192416
11180,1,97.2695262923083
11181,1,91.18549036811876
11182,1,80.01829395753089
11183,1,86.67243657817303
11184,1,85.32949113818574
11185,1,82.01513388182623
11186,1,79.67168318834999
11187,0,20.671218491260113
11188,1,58.62608961850337
11189,1,84.74733649486808
11190,1,84.17146135288114
11191,1,97.6217422263729
11192,1,92.20357171743314
11193,0,35.81667777664818
11194,1,95.80754613847047
11195,1,95.58889938480509
11196,1,95.74496934888896
11197,1,70.64263812711246
11198,1,72.95531278761396
11199,1,94.53628154511846
11200,0,16.768897248826203
11201,1,79.90076362987729
11202,0,35.91377185338392
11203,0,15.059416020141086
11204,0,45.09990823198688
11205,1,79.94091373470195
11206,1,91.84619297506198
11207,1,67.52525437713489
11208,1,80.40347023072431
11209,1,79.95897169049114
11210,1,78.17559121302602
11211,1,90.11606222048091
11212,1,84.51107746727853
11213,1,61.57900029720842
11214,1,97.49084353360684
11215,1,96.68197588083683
11216,0,45.068963952126865
11217,1,67.59358318924295
11218,1,62.46560143339535
11219,1,72.14521265404079
11220,1,98.30787346605217
11221,1,71.94854946543848
11222,1,79.88099819182659
11223,1,69.84766464732363
11224,1,80.02035342384579
11225,1,88.59177422692343
11226,1,70.44850435760765
11227,1,67.97250565950038
11228,1,65.64595033221599
11229,0,30.234048169585414
11230,1,96.15985561571328
11231,1,84.58373598272676
11232,1,94.22901116209935
11233,1,60.73134450337794
11234,1,78.35411820945384
11235,1,86.3675530448157
11236,1,95.61796136086008
11237,1,90.31224713599089
11238,1,77.87986760431295
11239,1,91.12094451248095
11240,1,53.62263261151799
11241,1,80.84881152060137
11242,1,91.57892074351544
11243,0,18.273373721106033
11244,1,95.07399666912004
11245,1,51.81157178763824
11246,1,82.10184631109156
11247,1,86.60328027229379
11248,1,98.35352400968267
11249,1,94.6950516621614
11250,1,81.34733660156272
11251,1,63.56512247124052
11252,1,92.84100147872793
11253,1,87.05021989876425
11254,1,86.25129063371433
11255,1,70.68650910306006
11256,1,65.75415333298645
11257,1,57.77563002426469
11258,0,24.41099915106471
11259,1,90.6303303184462
11260,1,98.19558498716759
11261,1,76.63270341349447
11262,1,62.026027376819
11263,1,53.50277574921351
11264,1,84.14621694931695
11265,1,85.18199486111665
11266,1,80.55788059040938
11267,1,84.53341312112194
11268,1,84.66456643491294
11269,1,60.54317633207806
11270,0,39.20395621703187
11271,1,94.5514590309794
11272,0,16.09646971361799
11273,1,85.90894903842226
11274,1,94.69899341388324
11275,1,52.337748381750984
11276,1,72.34627613993304
11277,1,81.46720699786988
11278,1,96.33711954712211
11279,1,90.79326702634997
11280,0,32.2437612892025
11281,1,67.22497937430107
11282,1,68.0316056907537
11283,1,97.92640968680857
11284,1,96.10255642468269
11285,1,86.94080119048654
11286,0,40.42585145296662
11287,0,49.0959788219374
11288,1,94.83480621093653
11289,1,88.97632645070004
11290,1,96.23116456462574
11291,1,75.97635486837558
11292,1,68.5502030376444
11293,0,37.010638646158334
11294,0,20.63803461494867
11295,1,70.61304923177626
11296,1,81.35775590001049
11297,1,89.6003813867816
11298,0,34.91387990824345
11299,0,43.144995976611305
11300,1,92.31513167449518
11301,1,69.00562591042419
11302,1,95.29005036428153
11303,1,95.98124311617194
11304,1,64.2517300993191
11305,1,66.13040606809018
11306,1,87.36477162264933
11307,1,65.13398493448356
11308,0,37.22417546673371
11309,1,91.65744721788823
11310,0,46.98430285476113
11311,1,93.09589937848331
11312,1,59.17241742544799
11313,1,76.89152206015699
11314,1,89.86781658923054
11315,0,13.453073148749217
11316,0,17.401373449082644
11317,1,79.42055765897518
11318,1,81.66856136656244
11319,0,19.022586214997965
11320,1,87.88026596201344
11321,1,89.03528742172068
11322,1,92.30592977627398
11323,1,71.95523883504654
11324,1,68.58975137596826
11325,0,30.18377100204025
11326,1,93.63617102437058
11327,1,87.67556901726323
11328,0,35.663439238526436
11329,1,92.68826902665333
11330,1,70.0963121347
11331,1,87.44104088805436
11332,1,97.04985154813951
11333,0,28.35096142159042
11334,1,73.60184903392437
11335,1,55.2022489455492
11336,1,74.49552497886177
11337,1,75.8363791933557
11338,1,79.30116041632415
11339,1,73.82857679872849
11340,0,34.55783245722559
11341,1,58.98340601653719
11342,1,98.23822531151059
11343,0,21.763953527758375
11344,1,83.46108210673219
11345,1,88.4275666072613
11346,1,84.17858207112741
11347,1,60.94709788417444
11348,1,62.96825533087457
11349,1,96.12716249656896
11350,1,60.58908408738305
11351,1,99.00742092521419
11352,1,83.65128427698212
11353,0,45.03471414216855
11354,0,23.52427914649594
11355,1,62.83895380236303
11356,1,92.64894865261827
11357,0,26.092884451858865
11358,1,94.24103087020872
11359,1,96.09161709965394
11360,1,93.48152227727036
11361,1,65.04843137890542
11362,1,70.7017055596173
11363,0,49.162354682967866
11364,1,90.94822805703289
11365,1,87.83250279221603
11366,1,80.92560259807689
11367,1,92.17118532796164
11368,1,87.55330389343862
11369,1,72.29477391110734
11370,1,58.25680389384761
11371,1,79.96656834269166
11372,1,88.17342314616722
11373,1,81.03535350733917
11374,1,96.04631398533374
11375,1,83.10210628998416
11376,0,8.054738955769158
11377,1,74.17707374292021
11378,0,44.34869438887654
11379,0,5.047264299134178
11380,1,56.66664460952102
11381,1,95.4251488429815
11382,1,69.90742015274725
11383,1,62.284805059755854
11384,1,68.05753751742522
11385,1,83.24415277449634
11386,1,50.21149471213003
11387,0,5.10497311894369
11388,1,82.31327724708206
11389,1,68.42235508887264
11390,0,19.598767141013205
11391,1,71.12781444541154
11392,1,71.98703746806105
11393,1,96.64771325092282
11394,1,82.92769140636767
11395,1,52.80219494441042
11396,1,86.57865328752358
11397,0,33.33321945935755
11398,1,95.27537971076616
11399,1,95.79430149745944
11400,1,94.34783024398277
11401,1,79.74977550689798
11402,1,82.46508563432876
11403,1,85.0301549498453
11404,1,61.635207177665485
11405,1,73.63975221621112
11406,1,70.28240162822806
11407,1,86.74192570196566
11408,1,86.43485819524437
11409,0,21.917679624408503
11410,1,92.10916873091365
11411,1,84.74591506521188
11412,0,16.13562819782475
11413,1,62.88208151273642
11414,1,82.22110433871032
11415,1,83.84019801348406
11416,1,85.04033539540619
11417,1,97.28748020102785
11418,1,89.63607637896068
11419,1,54.615032667148654
11420,1,94.35339336190705
11421,0,32.205555688382084
11422,1,59.33329166659723
11423,1,67.24571105442146
11424,1,89.01211033524604
11425,1,85.22993097463608
11426,1,85.70130339201224
11427,1,79.44041454662154
11428,1,72.59193788900767
11429,1,97.40638115217043
11430,1,55.68029329723711
11431,1,98.00930339754026
11432,1,88.10886489546573
11433,1,89.77861826991666
11434,1,81.6896887105528
11435,1,60.48652969263482
11436,1,80.43572259789546
11437,1,98.54719277136861
11438,1,77.29954130689116
11439,1,73.69868785137615
11440,0,22.41941945704376
11441,0,45.813648439803345
11442,1,56.270792466432425
11443,1,80.63068284210135
11444,1,68.30909197830405
11445,1,61.88984780754697
11446,1,83.74531905458892
11447,1,86.0178908348608
11448,1,51.40937864151366
11449,1,78.84757289858906
11450,1,69.3944022116635
11451,1,84.78879984265082
11452,1,92.32578014992107
11453,1,98.36335578077757
11454,1,94.02129604082565
11455,1,94.67224597117564
11456,1,58.873754363204775
11457,1,56.27591367383368
11458,1,59.217475931549814
11459,1,88.48117915981265
11460,0,36.93504596198468
11461,1,94.62192442076974
11462,1,95.87332784143932
11463,1,87.59016506271439
11464,1,82.31660730531482
11465,1,79.09661890684652
11466,1,95.29404318132563
11467,0,39.28461692555945
11468,1,86.39341822339397
11469,1,95.36623181197008
11470,1,86.84464596113706
11471,1,91.51425398611835
11472,1,97.78372345060349
11473,1,58.1131658987292
11474,1,98.08171471226188
11475,1,61.2866861961531
11476,1,55.4704964418352
11477,1,97.82804099955065
11478,1,83.92179556998707
11479,1,69.49084752197534
11480,1,50.22749598353836
11481,1,89.36724141810025
11482,1,50.82580445971621
11483,1,50.31108260320304
11484,1,63.19064381561024
11485,0,30.378903417344443
11486,1,80.92317551723026
11487,1,52.479222449268136
11488,0,40.91168498851216
11489,1,56.789020805654204
11490,1,52.007402259491386
11491,1,53.74820506572628
11492,0,41.223743125030396
11493,1,76.47586276886896
11494,1,64.29538523480343
11495,1,77.51342949555453
11496,1,92.71603568305187
11497,1,91.45720049105732
11498,1,96.9228723403493
11499,1,73.83329353875395
11500,1,93.84730266843958
11501,1,85.34879918225681
11502,0,43.100534591030495
11503,0,16.75321240631681
11504,1,90.81114851511448
11505,0,49.38404671206385
11506,1,89.75651019355509
11507,1,73.20029454413539
11508,1,75.78440110834549
11509,1,73.46959872243777
11510,1,64.35214894254199
11511,1,92.10176892445536
11512,0,33.380801111801524
11513,1,73.7649492109078
11514,1,68.86869441679733
11515,1,65.95225378193487
11516,1,95.51423044016111
11517,1,90.6865207730113
11518,1,79.23466633038497
11519,1,67.96486255952595
11520,1,87.67269641574205
11521,1,50.844497609042826
11522,1,88.38495409292432
11523,1,50.33741607839226
11524,1,74.57654645688105
11525,1,92.11827662185392
11526,0,11.33004851140716
11527,1,64.01009695761563
11528,0,29.152677818231403
11529,1,94.73459319209735
11530,1,97.28127094831488
11531,1,53.46850237324625
11532,1,92.98888868762658
11533,0,35.17421952487016
11534,1,76.27226844539223
11535,1,91.64133491689154
11536,1,98.7445704569932
11537,1,86.78896525604233
11538,0,40.04438255054886
11539,1,60.37843013531485
11540,0,48.894266697594176
11541,1,55.96709419023885
11542,1,95.27338679683184
11543,1,85.74789768877807
11544,1,81.69944557374426
11545,0,38.54728830897693
11546,1,86.58720693358478
11547,1,57.31174854143114
11548,0,18.42391818549663
11549,1,55.27071271328422
11550,1,97.55401404038838
11551,1,65.50660302641235
11552,0,32.753928347129694
11553,1,96.01452428875606
11554,1,56.6732026730072
11555,1,91.65694734105641
11556,1,93.00111074442255
11557,0,40.83003474629531
11558,0,21.721800567729662
11559,1,92.07025330241987
11560,0,24.578370930404418
11561,1,83.10567395947565
11562,1,57.81318271264878
11563,1,89.31224862937147
11564,1,88.74903282021215
11565,0,27.6931823982904
11566,1,71.83050988744903
11567,1,58.590140106934754
11568,1,63.956605362914885
11569,1,92.06269323431741
11570,1,56.61362753096134
11571,1,94.77275976152953
11572,0,23.635325355587383
11573,1,67.86081132512494
11574,0,28.42717413094483
11575,1,59.388425404605194
11576,1,62.035523267400364
11577,1,86.56440833379145
11578,1,86.99010781225093
11579,1,61.2346234948959
11580,0,8.836069475010323
11581,0,47.57437139006855
11582,1,64.05503340339503
11583,1,59.170297320529755
11584,1,89.9336984221966
11585,1,72.21572089495662
11586,1,77.28723436747646
11587,1,93.23456521504465
11588,0,24.839605638437348
11589,1,86.7765424188917
11590,1,92.03594356549692
11591,0,47.1578137088507
11592,1,98.47622749202115
11593,1,77.32336272432994
11594,1,96.38452721670072
11595,1,72.95566111634082
11596,1,96.68447345596782
11597,0,45.072785876030245
11598,1,96.4799310481592
11599,1,73.26715222950311
11600,0,30.087834114606675
11601,1,94.8295494737732
11602,1,81.95840605544473
11603,1,76.38412512650116
11604,0,41.03023698571121
11605,1,88.35786314687675
11606,1,76.81195166331946
11607,1,83.00377863647293
11608,1,73.11165708679296
11609,1,94.21845512602611
11610,1,69.79347450483661
11611,1,51.648020487130154
11612,1,57.49358076816584
11613,1,65.53045845329561
11614,1,81.89193576483589
11615,1,78.78172418339932
11616,1,57.15063871419085
11617,1,78.52931890574784
11618,1,55.42033859166945
11619,1,87.9480707703456
11620,1,86.19075233552118
11621,1,67.85009835471071
11622,1,60.05428149047578
11623,1,77.65589986581605
11624,1,96.38758533398507
11625,1,95.55107938248972
11626,1,84.05985524095334
11627,0,47.29389072794222
11628,1,69.93226627412173
11629,0,38.31411255066775
11630,1,83.51927460390543
11631,1,71.50462016114531
11632,0,39.35605981335357
11633,0,49.57240081029932
11634,1,75.1182488417075
11635,1,88.55906306271964
11636,0,36.9172058969404
11637,1,88.26716136697833
11638,1,68.88642620883712
11639,1,83.04219687950581
11640,1,97.9677555362894
11641,1,80.64759715949262
11642,1,54.695458347065305
11643,1,92.40320853461189
11644,1,96.66466772316853
11645,1,52.773081154395825
11646,1,86.6656234901198
11647,1,95.4695702498217
11648,1,83.25281427490154
11649,1,64.69988113026403
11650,0,34.72083568210622
11651,1,88.56114005858025
11652,1,72.8602069098061
11653,1,82.31139532808835
11654,1,87.84002959783275
11655,1,62.704963402390405
11656,1,95.03573577253202
11657,0,38.70741058346878
11658,1,81.8000492595999
11659,1,54.921176382464324
11660,1,77.49478464560445
11661,0,33.86014030371442
11662,1,51.91816369260649
11663,1,50.74070605905947
11664,0,46.6287810055739
11665,1,63.41464076486596
11666,1,73.325651095157
11667,1,84.34200695902759
11668,1,62.81550994378404
11669,1,66.53460036662449
11670,1,97.80218914616019
11671,1,95.45679628565593
11672,1,54.653288853529105
11673,1,72.17563143295496
11674,1,96.06732606873088
11675,1,91.41680464419959
11676,1,86.45895901832641
11677,1,67.02570790628923
11678,1,82.9779855272319
11679,1,83.64538566315535
11680,1,91.2565974079067
11681,1,75.05712699614423
11682,1,94.93711872564147
11683,1,52.783641929455364
11684,1,83.71361890304658
11685,1,98.3244344864294
11686,1,68.3285882870339
11687,1,78.9314506088545
11688,0,32.04412538085115
11689,1,92.28423349141025
11690,0,35.97665597705901
11691,1,95.84776411379407
11692,1,68.74298982016602
11693,0,30.62326385590325
11694,1,98.07027082362167
11695,0,43.266021647665035
11696,0,28.93875776328593
11697,1,87.84043827401547
11698,1,78.39822277934103
11699,1,81.28798762972707
11700,1,76.18848542124431
11701,0,30.357889084049578
11702,1,94.87822417309295
11703,1,53.18783696472734
11704,1,97.61842823283308
11705,0,48.6705691437653
11706,0,31.276857046030454
11707,1,96.39210259783562
11708,1,91.16168829447203
11709,1,63.848302201745014
11710,1,54.34755435061538
11711,1,68.11075767315621
11712,0,46.81232256011957
11713,1,89.98041916124828
11714,1,86.15206500006924
11715,1,76.68221053133473
11716,1,66.4551517301652
11717,0,20.906803378111444
11718,1,96.82078114313359
11719,0,29.15154424753043
11720,1,71.91804805155788
11721,1,82.38073740174549
11722,1,92.55786264752773
11723,1,80.72518077484756
11724,1,85.1141959084976
11725,0,49.1108284833602
11726,1,55.34646975940013
11727,1,78.74941731202165
11728,1,51.34015672883447
11729,1,68.08271121776693
11730,1,97.14397134750836
11731,1,71.48304060471669
11732,1,63.96471604216225
11733,1,95.4400391651287
11734,1,52.36553019793099
11735,0,48.466199797176316
11736,1,93.57898682875391
11737,1,91.92007467459457
11738,1,95.35687016695198
11739,1,50.358275806205256
11740,1,53.57214831973482
11741,1,93.97486795143801
11742,1,85.6239667810606
11743,1,90.65140286893374
11744,1,90.61061205915448
11745,1,79.68709220761579
11746,1,91.5786370943484
11747,1,67.12200267045438
11748,1,92.99414985247219
11749,1,82.29891770617702
11750,0,7.248862368800387
11751,1,94.65088814331291
11752,1,96.24694163867014
11753,1,87.92467109948328
11754,1,93.39911164283473
11755,1,78.16843468688114
11756,1,95.09947099904147
11757,1,76.43481724724658
11758,1,78.2331222623432
11759,1,82.64572031084299
11760,0,38.23011210236524
11761,1,88.76358715950856
11762,0,15.802739352693576
11763,0,47.84514331659913
11764,0,15.214603422032155
11765,1,61.55878891889962
11766,1,83.69957452967802
11767,1,85.89951891591313
11768,1,76.49252140094234
11769,0,27.714634043312596
11770,0,47.75984279291665
11771,0,45.727708906132
11772,0,18.86459404197577
11773,1,90.17238000251776
11774,0,32.37963847491932
11775,1,86.71830816901
11776,1,67.99859338723184
11777,1,68.43871309202481
11778,1,60.53633240214481
11779,1,86.8228985432214
11780,1,96.8551305166825
11781,1,71.00832514669247
11782,0,6.902400524150173
11783,1,52.175548132855056
11784,1,98.45714269005384
11785,1,98.74698197622175
11786,0,48.84478903049505
11787,1,97.0270001009698
11788,1,92.05807100635681
11789,1,96.09839892750917
11790,0,31.24124675726473
11791,1,84.08033957966359
11792,1,79.68435163918551
11793,0,29.416580083827622
11794,1,62.602981207997786
11795,1,85.94846542264996
11796,0,21.949020962533556
11797,0,44.78663675819662
11798,1,69.97924792300209
11799,1,86.49048572845543
11800,1,75.91933137817286
11801,1,51.04858289377424
11802,1,82.70039545234107
11803,0,35.684399610020854
11804,1,60.27866370188865
11805,1,62.21471196406282
11806,1,80.88080817952539
11807,1,66.43241066343742
11808,1,67.01727767223366
11809,1,86.45644289112681
11810,0,36.3752419877725
11811,1,85.14903441885141
11812,1,73.71048919767078
11813,1,73.68703860451917
11814,1,79.2621083802035
11815,1,73.2113024117262
11816,1,74.61166650630109
11817,1,63.11689331466314
11818,1,71.41572537047976
11819,1,80.9614257359756
11820,1,64.93303402854708
11821,0,20.02525594155951
11822,1,77.05137169527929
11823,1,54.52791117474381
11824,1,89.2315136602356
11825,1,90.2145341349047
11826,0,26.280943566040854
11827,1,85.83039118647041
11828,1,98.04874685831561
11829,1,58.457780116167854
11830,0,29.02407712075437
11831,1,93.10211968618415
11832,1,85.07706481330717
11833,1,62.87291946461505
11834,1,61.906637175162714
11835,1,60.43217425906471
11836,1,54.67560511972894
11837,1,86.09768525916132
11838,1,63.13446841134375
11839,1,88.43509977216465
11840,1,85.54091820783205
11841,1,53.149114837132004
11842,1,62.44744005555069
11843,1,56.864598394874776
11844,0,39.601509522824244
11845,1,59.66450575131772
11846,1,85.81400766961363
11847,1,58.46566793089091
11848,1,94.5918585471366
11849,1,58.763662402006375
11850,0,35.867093165029345
11851,1,87.70740948949414
11852,1,77.39142119410613
11853,1,90.29359781253996
11854,1,80.79914295753795
11855,1,72.33816720629954
11856,0,44.377170522825615
11857,0,30.89689223984254
11858,1,80.46782909340892
11859,1,97.61079382579878
11860,1,67.92514308906667
11861,1,62.57701618094973
11862,1,95.02231732132094
11863,1,89.93226466126671
11864,1,77.71492218081502
11865,1,62.248681654002915
11866,1,94.73170955397408
11867,1,95.66039578820377
11868,1,53.41873145213436
11869,1,56.07190747321342
11870,1,61.135702423033976
11871,1,97.97429888350825
11872,1,94.53079860914025
11873,1,88.27036510935474
11874,1,62.91536644373067
11875,1,85.7964341162399
11876,1,90.96645537103738
11877,1,75.97752725666699
11878,1,76.8485304099522
11879,1,62.40774352188093
11880,1,52.59539208293618
11881,1,82.55144995325104
11882,1,80.45357640143301
11883,1,94.29211406363994
11884,1,79.77504485333517
11885,0,19.337465629034526
11886,1,95.47278901313689
11887,1,87.18440955689573
11888,1,75.51654999710958
11889,1,76.62089708704411
11890,1,91.61969253489288
11891,1,97.39152759624885
11892,1,88.84873527700418
11893,1,51.75369462088608
11894,1,88.65122158528403
11895,1,59.74048498081175
11896,1,92.69259444081406
11897,0,28.286843702907777
11898,1,70.72902470887138
11899,1,80.91035751953892
11900,1,74.05354348112007
11901,1,79.19625716398612
11902,1,62.647411025985136
11903,1,91.15677586443053
11904,1,82.42879817461322
11905,1,87.25642309136886
11906,1,97.00885801609242
11907,1,53.42674008403595
11908,1,80.846535768916
11909,1,80.88948492071653
11910,1,98.29506839956838
11911,1,82.5622900908938
11912,1,89.56496146304038
11913,1,79.7907395701073
11914,1,91.9909276129503
11915,1,93.14094931991893
11916,1,50.25953691691413
11917,1,93.18617101222868
11918,1,83.1479154521049
11919,0,18.218807338931505
11920,1,88.90821545623947
11921,1,90.4999655399984
11922,1,66.87822553954655
11923,1,91.46346283053347
11924,1,97.10390972675626
11925,1,89.91548304676986
11926,1,98.5875274976561
11927,1,69.19472398737624
11928,1,87.62424160458964
11929,1,79.54302398059569
11930,1,78.34436644162419
11931,1,86.18098653242411
11932,0,25.364753116631995
11933,0,22.942607845490496
11934,0,44.17262035018176
11935,0,47.60395695257805
11936,1,64.81196153293715
11937,1,74.47834949693544
11938,1,93.09729483258575
11939,1,91.02508635664043
11940,1,89.9117425441486
11941,1,53.81450563692637
11942,1,60.6965850945952
11943,0,44.82418149313209
11944,1,86.2164567478538
11945,1,89.1503966712088
11946,1,85.4911441993243
11947,0,43.617941912951466
11948,1,98.80875740919137
11949,1,65.28250651069325
11950,1,64.33658362344738
11951,1,61.47327495929633
11952,1,94.33490747277433
11953,1,98.01286085419257
11954,1,79.60818287329717
11955,1,53.66606514263719
11956,1,79.75076980451018
11957,1,93.6945362487277
11958,1,83.62617332402988
11959,1,74.89591441599458
11960,0,16.172731832107605
11961,1,89.9950744060736
11962,0,49.43395677280912
11963,1,67.57896222345657
11964,1,84.45872901052458
11965,0,29.14250403940846
11966,0,6.748972500135439
11967,1,94.79520022198102
11968,1,86.73023099067075
11969,0,17.23568672644001
11970,1,55.08901600422532
11971,1,81.55150888623865
11972,1,71.58123754069992
11973,1,89.57215431124088
11974,1,87.71573845423923
11975,1,92.06290088118334
11976,1,90.97195231914493
11977,0,31.69428756031973
11978,1,59.2477530957811
11979,1,56.85160471054267
11980,1,96.86677167176255
11981,0,44.88379597935428
11982,0,29.96744606754796
11983,1,52.00557848940088
11984,1,60.05429797194984
11985,1,88.91901498167246
11986,1,86.21872636921589
11987,1,85.15690119353488
11988,0,44.99037459210869
11989,1,55.22297861561027
11990,0,48.670657493461114
11991,1,98.30489793060202
11992,1,51.37477692592094
11993,1,56.85104452220604
11994,1,93.53847166414197
11995,0,23.89373254604264
11996,1,80.0410570024226
11997,1,90.63092802614256
11998,1,58.098096184075374
11999,1,98.10573153537828
12000,1,82.98636029849186
